#{"t_start": 1612179178.5127592, "env_id": "TargetReachingUR5-v0"}
r,l,t
-7312.296962,400,2.366859
-7505.262531,400,3.076594
-7451.299965,400,3.788788
-7798.455694,400,4.480356
-7756.835014,400,5.164183
-8212.017976,400,7.324521
-7724.172976,400,8.010333
-7922.913571,400,8.694265
-7643.686227,400,9.391375
-7537.101,400,10.073131
-7532.541999,400,12.226926
-8021.95462,400,12.909737
-6788.259931,400,13.596445
-6688.178949,400,14.287303
-7407.536504,400,14.973292
-7816.631425,400,17.155842
-7377.116169,400,17.834939
-7063.593071,400,18.518778
-7722.150386,400,19.203277
-8014.797751,400,19.885108
-6954.492325,400,22.00046
-7648.246888,400,22.677213
-7836.576125,400,23.35397
-7640.055448,400,24.030841
-6412.623796,400,24.714509
-139.167075,400,25.504066
-116.104617,400,26.054476
-163.63562,400,26.604246
9695.801717,400,27.154677
-177.229281,400,27.703656
-8046.939231,400,29.86865
-8095.370577,400,30.586694
-7407.265358,400,31.281731
-7752.98734,400,31.967622
-7471.786262,400,32.651184
-6730.991312,400,34.788491
-7656.751883,400,35.474257
-5196.261787,400,36.155918
-7734.687848,400,36.838165
-7978.76042,400,37.524866
-8055.433797,400,39.642243
-8132.805341,400,40.331528
-7708.654171,400,41.013691
-7354.971383,400,41.695025
-7887.194069,400,42.379239
-7784.118068,400,44.495248
-8370.814758,400,45.18981
-7448.736441,400,45.876491
-8052.150743,400,46.5644
-8104.100567,400,47.249679
-7313.428565,400,47.935995
-8092.655298,400,50.049915
-7897.477083,400,50.739094
-7191.395512,400,51.423507
-8054.004523,400,52.107933
-222.590498,400,52.903639
-246.782447,400,53.478529
-256.492505,400,54.035975
-199.124352,400,54.606856
-299.805696,400,55.174601
-7624.759351,400,55.859723
-7183.387661,400,57.951584
-7772.370341,400,58.619953
-8023.946222,400,59.286563
-7893.289718,400,59.954251
-7412.568879,400,60.625276
-6993.494259,400,62.693668
-7139.39496,400,63.358117
-8411.463376,400,64.028111
-7741.558464,400,64.696512
-7676.85673,400,65.358702
-7795.954999,400,67.415959
-7947.263171,400,68.084045
-5883.48884,400,68.756578
-7876.64283,400,69.422341
-7883.918984,400,70.089271
-7711.866896,400,72.142389
-7678.798388,400,72.817765
-8094.000123,400,73.487214
-7988.810511,400,74.151079
-8059.915241,400,74.81966
-7031.54054,400,76.864218
-4724.217241,400,77.530179
-954.306857,400,78.205383
-7800.050087,400,78.878081
-207.901806,400,79.680203
-160.726331,400,80.232945
-353.774067,400,80.799499
-205.173341,400,81.366959
-164.35738,400,81.933403
-8038.47485,400,82.60589
-7295.206177,400,84.688272
-7584.680633,400,85.354382
-7231.163145,400,86.020627
-7949.081544,400,86.691152
-8180.728087,400,87.360869
-7405.502477,400,89.468724
-5185.136954,400,90.163413
-7090.572497,400,90.865688
-7297.877574,400,91.562612
-8576.21945,400,92.256765
-7682.031925,400,92.970637
-8134.96469,400,95.095209
-6578.762471,400,95.77539
-7325.266484,400,96.459447
-8356.346017,400,97.143325
-8075.949617,400,97.827296
-7837.717345,400,99.949054
-7459.439473,400,100.641414
-7378.623246,400,101.325185
-7798.043491,400,102.008314
-8283.630366,400,102.693676
-7585.444631,400,104.797453
-7432.874799,400,105.471814
-7989.401534,400,106.141673
-226.527212,400,106.953976
-206.666324,400,107.537361
-178.698709,400,108.102866
-276.004234,400,108.682911
-291.543668,400,109.260502
-7622.903725,400,109.931545
-8286.260838,400,110.60254
-7261.751137,400,112.674594
-7945.803453,400,113.344264
-7886.854888,400,114.014445
-7685.78262,400,114.676199
-8435.618326,400,115.344298
-8260.877236,400,117.40055
-7113.87574,400,118.067756
-7212.851776,400,118.738245
-7895.872241,400,119.403111
-7740.5712,400,120.069413
-7918.703141,400,122.13718
-8307.17382,400,122.814312
-7878.161445,400,123.483057
-8017.794165,400,124.151012
-7742.704569,400,124.815717
-7890.310721,400,126.864224
-7927.69174,400,127.542693
-7832.067831,400,128.205535
-7981.70813,400,128.875018
-7698.583779,400,129.544452
-7838.290306,400,131.597222
-7501.293201,400,132.266394
-7905.757256,400,132.942317
-399.72292,400,133.728463
-221.707629,400,134.269715
-301.47088,400,134.826636
-264.080818,400,135.365319
-293.315401,400,135.943453
-7711.264579,400,136.614975
-8130.952332,400,137.28312
-7500.053468,400,137.950429
-5924.147626,400,140.047231
-8100.614166,400,140.730965
-7430.140623,400,141.416392
-7946.662338,400,142.093439
-7540.333976,400,142.768599
-7405.85802,400,144.871486
-7156.743793,400,145.549149
-7763.663555,400,146.235376
-6830.132632,400,146.909675
-7876.030542,400,147.586782
-7865.3367,400,149.703245
-7698.200854,400,150.389361
-8362.915256,400,151.074581
-7964.1259,400,151.756256
-7418.771929,400,152.43841
-6451.258048,400,154.558109
-8427.392181,400,155.248795
-7774.98411,400,155.934587
-8383.794004,400,156.620275
-7882.800154,400,157.300763
-7588.106944,400,159.420406
-7277.510373,400,160.111207
-377.985715,400,160.91408
-280.416281,400,161.468844
-246.626566,400,162.046502
-277.880723,400,162.613508
4267.549047,400,163.16482
-7002.724584,400,163.858411
-7531.118165,400,164.557566
-7906.764204,400,165.239192
-8564.629443,400,167.366655
-8323.573322,400,168.050122
-7905.263044,400,168.732027
-7250.997195,400,169.423639
-8177.21828,400,170.111812
-8093.355851,400,172.243635
-7112.473171,400,172.925218
-7865.867879,400,173.608445
-7672.766597,400,174.293581
-7801.057103,400,174.982484
-7729.205995,400,177.109346
-7722.363198,400,177.797839
-7850.911945,400,178.478393
-7370.807441,400,179.166822
-7784.965611,400,179.854057
-7218.264597,400,181.974187
-7142.54151,400,182.652176
-7492.916115,400,183.334571
-6277.301266,400,184.010167
-6845.12841,400,184.692492
-7353.478779,400,185.367005
-5548.169753,400,187.479248
-245.390154,400,188.263527
-256.032082,400,188.838165
-260.265654,400,189.406975
-484.926978,400,189.968301
1180.736301,400,190.518326
-7742.51561,400,191.199523
-7829.634521,400,191.882544
-7452.474257,400,192.561404
-7159.349719,400,193.243264
-7245.941192,400,195.347439
-7501.186698,400,196.027757
-7866.927763,400,196.705398
-7827.671934,400,197.383019
-7551.212519,400,198.058793
-7747.816702,400,200.145429
-5143.604655,400,200.809083
-7542.923931,400,201.469167
-7568.759854,400,202.141583
-7881.570123,400,202.810416
-7684.402637,400,204.872857
-7047.799646,400,205.540994
-7941.308128,400,206.212839
-8040.765102,400,206.877141
-7147.213409,400,207.547013
-8091.401243,400,209.607451
-6189.474619,400,210.281574
-7640.339918,400,210.949987
-7677.481538,400,211.613874
-8443.369143,400,212.28171
-7371.37364,400,214.343381
-475.886042,400,215.140047
-340.580961,400,215.695906
-390.76889,400,216.238914
-454.025911,400,216.787186
-401.461314,400,217.331199
-7980.924313,400,218.003273
-7890.607289,400,218.676081
-7090.069913,400,219.342938
-8178.704528,400,220.009573
-7773.044643,400,222.096879
-7978.07433,400,222.767731
-8127.922503,400,223.439012
-7999.57913,400,224.109005
-7836.298441,400,224.775303
-7777.353703,400,226.843014
-7078.941133,400,227.518247
-8173.301131,400,228.185938
-8175.166879,400,228.853118
-7839.899249,400,229.519935
-7946.841363,400,230.188386
-7645.353459,400,232.280544
-7764.984094,400,232.955192
-4962.179682,400,233.639524
-7425.467697,400,234.323974
-7760.077572,400,234.998786
-7186.181611,400,237.101123
-8097.701706,400,237.779258
-7783.934971,400,238.465117
-7246.838889,400,239.141985
5092.34813,400,239.825958
-419.101586,400,240.616759
-402.415046,400,241.167817
1225.402643,400,241.733739
-514.065636,400,242.298887
-510.380511,400,242.861472
-7618.191192,400,244.982875
-7484.57804,400,245.654958
-7893.9887,400,246.326105
-6136.100015,400,246.999583
-7920.60143,400,247.669973
-8287.977808,400,249.741516
-7499.479767,400,250.415634
-7599.989461,400,251.08696
-7808.139653,400,251.757457
-7804.805134,400,252.432206
-8356.728665,400,254.495213
-7530.0504,400,255.174405
-7828.387636,400,255.845204
-7275.133797,400,256.519017
-7949.253272,400,257.200652
-7427.568053,400,259.26237
-8099.284133,400,259.948994
-7259.365985,400,260.618413
-7621.676376,400,261.289387
-7490.56399,400,261.961882
-7893.356761,400,264.017906
-7724.29788,400,264.691344
-7487.144317,400,265.382097
-7649.351966,400,266.05222
-8038.970149,400,266.726329
-716.226535,400,267.510558
-663.132637,400,268.068831
443.292838,400,268.620084
-785.239258,400,269.177566
-1032.63237,400,269.734854
-7644.83065,400,271.812228
-5866.834284,400,272.485793
-7602.050217,400,273.153313
-8084.571901,400,273.82585
-7347.520536,400,274.495961
-7510.091304,400,275.161325
-6731.051526,400,277.239439
-7691.211975,400,277.906439
-7683.090939,400,278.583984
-7868.462119,400,279.261678
-8378.997233,400,279.932137
-5423.339503,400,281.999119
-7749.662199,400,282.67496
-8112.513558,400,283.344665
-7740.904149,400,284.013812
-7668.120351,400,284.682821
-7730.227291,400,286.745493
-7256.827776,400,287.4186
-7748.475259,400,288.085485
-7277.392533,400,288.757302
-7653.929685,400,289.437485
-7666.104995,400,291.50006
-3851.638841,400,292.188159
-6460.636765,400,292.858151
-8443.175055,400,293.526694
-694.805041,400,294.33454
-683.494271,400,294.884733
-692.677302,400,295.433291
-840.950484,400,295.997607
426.612911,400,296.5597
-7713.228769,400,297.233277
-7208.581997,400,299.302514
-8411.555627,400,299.97262
-5939.213938,400,300.649909
-7301.130939,400,301.322024
-7856.576159,400,301.998349
-7456.804248,400,304.087976
-6372.069205,400,304.782605
-7473.165516,400,305.470372
-8342.684803,400,306.157847
-7687.971692,400,306.845351
-7975.636901,400,308.970333
-7900.004853,400,309.660881
-7130.932109,400,310.352114
-8008.545805,400,311.040292
-7896.525777,400,311.749422
-6075.590477,400,313.871995
-7864.268824,400,314.559175
-7718.64534,400,315.241555
-7471.647917,400,315.938035
-3807.565454,400,316.616093
-7687.028086,400,318.706638
-3971.360571,400,319.403239
-7845.167013,400,320.076515
-7520.508826,400,320.756219
248.891636,400,321.557323
-842.574199,400,322.136842
-830.230301,400,322.712664
-840.073286,400,323.27572
-664.424389,400,323.839511
-7657.872212,400,324.526792
-7791.963908,400,325.215438
-7516.283486,400,327.311621
-7653.878379,400,327.989317
-8239.385728,400,328.658717
-7400.932946,400,329.336482
-8192.111227,400,330.006881
-7783.070864,400,332.084793
-7477.459903,400,332.764246
-7758.078835,400,333.44802
-8077.254857,400,334.128761
-7722.268827,400,334.810102
-7963.087193,400,336.916219
-7226.214216,400,337.603933
-6352.218021,400,338.29286
-6257.684732,400,338.977916
-7623.256914,400,339.66428
-8358.257249,400,341.78815
-8381.663391,400,342.483476
-8103.463142,400,343.169169
-7934.846776,400,343.853215
-7712.637989,400,344.537864
-5909.255652,400,346.655602
-8023.446899,400,347.355398
-7630.679561,400,348.050935
-673.522752,400,348.866376
-1017.568713,400,349.436288
-710.562333,400,350.009552
-1003.197464,400,350.581554
-683.287884,400,351.161561
-7525.710193,400,351.850409
-8171.56076,400,352.531603
-7305.161328,400,354.665873
-7401.533589,400,355.361229
-7719.516544,400,356.061061
-7801.622794,400,356.749855
-7172.231409,400,357.437487
-7904.724984,400,359.535568
-5728.044013,400,360.206517
-7940.218522,400,360.879669
-7637.391012,400,361.551481
-7479.288451,400,362.229912
-3264.574849,400,364.307885
-7487.237812,400,364.986547
-7985.926608,400,365.663087
-7191.547737,400,366.334506
-7976.663209,400,367.001899
-8435.922439,400,367.670756
-7702.044891,400,369.742991
-7807.985832,400,370.412566
-7395.400774,400,371.077685
-7391.407397,400,371.747562
-7172.85202,400,372.427125
-7640.297853,400,374.495611
-7857.222148,400,375.16583
-1043.57182,400,375.956584
-1176.608893,400,376.518028
-678.374794,400,377.072008
-701.057283,400,377.623399
-751.984357,400,378.172941
-6269.675307,400,378.842288
-7702.710961,400,379.511869
-7335.585192,400,380.182849
-7612.695763,400,382.266001
-7621.377108,400,382.936913
-7634.306285,400,383.606593
-7210.542969,400,384.282713
-7529.200553,400,384.955458
-7598.429928,400,387.028398
-7087.128302,400,387.706013
-8007.696487,400,388.379702
-7365.799189,400,389.054958
-7820.048156,400,389.724156
-6794.327403,400,391.799819
-7812.620144,400,392.492803
-8048.125892,400,393.178704
-7605.207927,400,393.869214
-7580.73911,400,394.550519
-7368.519378,400,396.67693
-7429.295169,400,397.375676
-7139.090421,400,398.061557
-7572.958061,400,398.753693
-8042.307772,400,399.437922
-7815.769849,400,401.542911
-8507.884728,400,402.236212
-1032.244275,400,403.047452
-898.648048,400,403.631778
-1441.952415,400,404.208151
-1094.946756,400,404.781486
-984.665803,400,405.370265
-7320.723141,400,406.06168
-7834.706259,400,406.747016
-7887.076861,400,407.439538
-7705.05172,400,409.565952
-7317.11875,400,410.250314
-7747.168357,400,410.94252
-7523.283472,400,411.627096
-7420.153436,400,412.312902
-7551.412287,400,413.013438
-7881.768648,400,415.136958
-7856.863986,400,415.811871
-7776.514869,400,416.49261
-7917.306692,400,417.177444
-7857.27444,400,417.860517
-8017.950311,400,419.969138
-7091.694105,400,420.648868
-7445.172333,400,421.327694
-8022.958381,400,422.010094
-7579.255138,400,422.691757
-6029.170308,400,424.789246
-8105.626469,400,425.469006
-7847.370027,400,426.159216
-7744.072095,400,426.845957
-8465.680117,400,427.524131
-7999.7017,400,429.626918
-904.848435,400,430.458033
-1065.839937,400,431.038346
-817.887828,400,431.626975
-706.172586,400,432.199954
-726.721058,400,432.772136
-7784.073659,400,433.458833
-7437.083627,400,434.139715
-6627.964199,400,434.820079
-7435.152584,400,435.505398
-7893.87167,400,437.608856
-6537.278624,400,438.292318
-7896.735557,400,438.96972
-6235.684848,400,439.658221
-7514.561533,400,440.335241
-7728.630126,400,442.443506
-7601.143086,400,443.130645
-7870.284887,400,443.814541
-7554.568682,400,444.500258
-7132.493488,400,445.17594
-7964.634537,400,447.275389
-7598.38867,400,447.94848
-7726.830827,400,448.617559
-7337.238617,400,449.285939
-7320.519663,400,449.952269
-5355.562094,400,452.010858
-7722.510121,400,452.686816
-8119.929827,400,453.35329
-6433.378174,400,454.026178
-8080.424273,400,454.69153
-7172.250058,400,456.742159
-1132.404436,400,457.556444
-547.948163,400,458.131458
-717.664649,400,458.697319
1466.011964,400,459.262597
-1083.867652,400,459.810407
-8046.132264,400,460.483896
-7339.608525,400,461.158986
-7758.047126,400,461.832669
-7852.374105,400,462.500681
-7498.898985,400,463.171681
-7735.591983,400,465.25428
-6353.864797,400,465.931405
-7625.843439,400,466.61023
-6492.382705,400,467.29354
-7497.557018,400,467.976373
-7028.093035,400,470.083889
-7645.5681,400,470.760981
-7295.565182,400,471.448178
-7811.299869,400,472.127044
-7333.070864,400,472.804765
-8034.378759,400,474.918659
-3101.28296,400,475.600925
-6081.810262,400,476.271826
-6681.527074,400,476.952734
-7561.508387,400,477.630141
-7755.246231,400,479.74828
-6041.234992,400,480.442453
-8184.928219,400,481.131376
-7322.45517,400,481.821701
-7495.139897,400,482.513046
-1239.010819,400,483.319562
-678.93468,400,483.878071
-1452.00523,400,484.448854
-774.95863,400,485.013483
-712.059605,400,485.602835
-6194.015374,400,487.73651
-5858.514777,400,488.415333
-7838.796255,400,489.098259
-7883.242556,400,489.774724
-7807.120956,400,490.452267
-4216.942686,400,492.575646
-8070.248712,400,493.265386
-8070.253762,400,493.955719
-7604.513898,400,494.641911
-7662.723993,400,495.328779
-7951.835833,400,497.460156
-6145.076114,400,498.146939
-6906.497893,400,498.832473
-7786.759921,400,499.519895
-7837.073528,400,500.204687
-7742.275087,400,502.319876
-7362.710915,400,503.012123
-6164.421206,400,503.699357
-7368.352078,400,504.3832
-7070.930739,400,505.064791
-8019.09117,400,505.751029
-8147.384806,400,507.872862
-7346.620115,400,508.560528
-7913.747752,400,509.253367
-7622.659201,400,509.936586
-679.206023,400,510.734592
-919.236736,400,511.306833
-1256.313226,400,511.884875
58.042621,400,512.463434
-1277.958487,400,513.030227
-7596.344869,400,513.721018
-7508.394532,400,515.85172
-6832.209439,400,516.537248
-7026.754178,400,517.225864
-7164.992629,400,517.912268
-7898.88409,400,518.600078
-7239.59493,400,520.728921
-7699.811674,400,521.414932
-7347.399371,400,522.095725
-6703.110391,400,522.782221
-7835.608338,400,523.471627
-7352.187088,400,525.584087
-7863.088868,400,526.257092
-7734.551909,400,526.925329
-6865.595468,400,527.598798
-7299.906008,400,528.269917
-7360.887583,400,530.347009
-7498.722207,400,531.024668
-6790.521798,400,531.691722
-7260.729321,400,532.35924
-7651.341035,400,533.030612
-6876.446708,400,535.101878
-7394.679744,400,535.783654
-7558.015796,400,536.458814
-7034.103362,400,537.124222
-891.059983,400,537.910854
-1113.191103,400,538.457915
-1139.421531,400,539.02578
-940.35361,400,539.589559
-1290.840274,400,540.152634
-7186.182068,400,540.826649
-6287.584317,400,542.899692
-7796.646162,400,543.569361
-6788.601304,400,544.237024
-8066.018253,400,544.914887
-7429.104174,400,545.599623
-7022.43868,400,547.674595
-5682.275621,400,548.349045
-7964.981776,400,549.020626
-7725.244676,400,549.693187
-7947.348735,400,550.362145
-7997.960492,400,551.030797
-7984.618373,400,553.118432
-7287.376549,400,553.796095
-7310.59896,400,554.470549
-7923.935039,400,555.146553
-7144.373984,400,555.815459
-7867.700012,400,557.911398
-7666.576683,400,558.583317
-7869.141943,400,559.254699
-6812.280362,400,559.925186
-7684.959742,400,560.600246
-7512.877559,400,562.671216
-7221.043111,400,563.343422
-7300.530021,400,564.014897
-687.439126,400,564.808442
-1166.95725,400,565.366954
-1133.6352,400,565.919272
-763.556601,400,566.490896
-796.848425,400,567.070095
-8001.244333,400,567.742097
-7176.091738,400,568.411793
-7073.672871,400,570.491428
-7399.491367,400,571.170995
-7878.855802,400,571.838945
-8113.553888,400,572.508417
-7517.972095,400,573.17799
-7960.236402,400,575.241397
-5540.44724,400,575.91164
-8149.083679,400,576.581249
-7132.300267,400,577.249687
-7861.549529,400,577.917762
-7074.278229,400,579.984457
-6670.58127,400,580.653702
-7515.433255,400,581.323613
-7379.018872,400,581.995632
-7644.666223,400,582.661665
-7374.149814,400,584.711214
-7098.245588,400,585.395372
-7182.625834,400,586.068852
-7673.705561,400,586.737793
-5488.786961,400,587.4086
-7934.963086,400,589.457816
-7773.223559,400,590.131411
-7417.543704,400,590.803721
-1194.307884,400,591.596809
-1182.246284,400,592.15138
-817.148443,400,592.710981
-877.721426,400,593.26849
-1236.002183,400,593.81043
-7906.454501,400,594.485099
-7765.173591,400,595.153983
-7994.166776,400,597.234697
-7622.691824,400,597.907779
-4993.882498,400,598.580298
-7640.819119,400,599.259272
-7429.378447,400,599.926847
-7379.310823,400,600.599091
-7895.246325,400,602.685674
-7739.076868,400,603.369975
-6856.090189,400,604.042203
-6819.189128,400,604.713767
-7489.780097,400,605.382077
-7869.579261,400,607.451866
-7686.552723,400,608.129297
-6394.143645,400,608.805779
-7374.174908,400,609.474386
-7983.483028,400,610.145893
-5923.187036,400,612.213875
-7449.056319,400,612.896063
-7069.89946,400,613.573935
-8120.984957,400,614.258587
-7471.443973,400,614.926539
-6688.153163,400,616.991839
-7810.302721,400,617.675031
-1195.065898,400,618.477681
-744.82384,400,619.073995
1962.329415,400,619.635354
-625.326791,400,620.204407
400.299555,400,620.769436
-7713.382067,400,621.453212
-8113.453653,400,622.129956
-7240.770122,400,622.805312
-5017.402981,400,624.910169
-8016.408998,400,625.585398
-7525.695834,400,626.266436
-6940.127936,400,626.944724
-7793.522221,400,627.622674
-6927.47341,400,629.73067
-7003.329369,400,630.421348
-7358.602365,400,631.10779
-7246.656556,400,631.787186
-7100.566626,400,632.467378
-7182.646768,400,634.584293
-7106.63458,400,635.273589
-6713.389814,400,635.954651
-7626.357357,400,636.63037
-7714.648939,400,637.308253
-7794.446928,400,639.403637
-7628.502928,400,640.083079
-7706.574086,400,640.752895
-7556.157451,400,641.418231
-7088.997274,400,642.086019
-7457.235105,400,642.76645
-7830.134884,400,644.828397
-1092.198913,400,645.61593
-1154.684481,400,646.189481
-1082.344275,400,646.735303
1330.859424,400,647.296783
-997.627576,400,647.850732
-7219.410984,400,648.516482
-7190.620736,400,649.191133
-7652.564935,400,649.855474
-7490.654802,400,650.525486
-7583.711959,400,652.593125
-7143.668388,400,653.265771
-7059.93646,400,653.941289
-8037.250812,400,654.612713
-7523.524556,400,655.286688
-7432.007776,400,657.355605
-7185.882993,400,658.033287
-7714.285214,400,658.702145
-7930.84998,400,659.381308
-6890.26708,400,660.049962
-7729.508637,400,662.113316
-7317.585912,400,662.796077
-6254.14133,400,663.461805
-7791.016989,400,664.130215
-7919.798315,400,664.791498
-7198.651827,400,666.84192
-7287.472951,400,667.525021
-7522.980464,400,668.192048
-7351.983114,400,668.872729
-7596.777241,400,669.543657
-6635.569648,400,671.609502
-1212.201304,400,672.409224
-474.00257,400,672.985791
-77.686267,400,673.54767
-957.491164,400,674.099877
-988.526404,400,674.648574
-7301.63041,400,675.321087
-7516.260371,400,676.007854
-7607.543808,400,676.688104
-7363.280982,400,677.367498
-7666.170987,400,679.448687
-7564.919384,400,680.125034
-7635.457435,400,680.797724
-7480.86245,400,681.46357
-7389.951619,400,682.133568
-8193.627513,400,684.209517
-7509.97906,400,684.888047
-7250.031864,400,685.558195
-7837.381699,400,686.228579
-7263.15539,400,686.908887
-7398.34764,400,687.577982
-7283.685782,400,689.676265
-7673.386911,400,690.373106
-7968.328954,400,691.055689
-7514.523461,400,691.746559
-7948.479303,400,692.439446
-8192.770328,400,694.58137
-8071.079801,400,695.264767
-6660.501007,400,695.957249
-7431.943009,400,696.651898
-7607.787046,400,697.34369
-1510.872407,400,698.167154
-1462.593204,400,698.741836
-1290.109357,400,699.333944
-755.462935,400,699.903043
-1324.749613,400,700.464711
-7618.609612,400,702.593964
-8140.785248,400,703.277571
-5639.933644,400,703.959417
-6360.930153,400,704.642601
-7239.7346,400,705.329645
-6694.510034,400,707.457898
-7666.361197,400,708.149733
-6800.971901,400,708.839038
-7172.439557,400,709.530742
-7043.023819,400,710.227227
-7401.008696,400,712.342427
-7784.771528,400,713.032342
-7647.874354,400,713.716385
-7340.240458,400,714.405606
-7316.566598,400,715.091928
-6431.129684,400,717.204923
-7429.543851,400,717.900369
-6611.44309,400,718.594895
-7648.01605,400,719.283821
-7097.349811,400,719.969781
-7986.081007,400,722.081601
-7786.339635,400,722.784893
-7340.709389,400,723.468022
-7749.648471,400,724.151209
-7750.38714,400,724.842352
-831.799833,400,725.646912
-524.793594,400,726.229519
-1330.727946,400,726.793271
-1612.011383,400,727.400357
-1230.804513,400,727.96681
-7781.441303,400,730.092701
-6613.391775,400,730.778447
-7336.998158,400,731.465335
-7497.575114,400,732.149214
-7658.713116,400,732.843827
-7621.652253,400,734.961511
-5187.703063,400,735.640644
-7404.433998,400,736.328815
-7747.346824,400,737.003172
-7409.13872,400,737.68731
-7313.80192,400,738.361785
-7591.794509,400,740.470753
-6811.474153,400,741.160088
-7503.188646,400,741.848865
-7185.977736,400,742.525333
-6975.959233,400,743.212443
-7743.135654,400,745.321591
-7347.479145,400,745.998834
-8226.08237,400,746.682073
-8082.18876,400,747.372423
-7007.245666,400,748.04886
-7618.495547,400,750.163659
-7946.176615,400,750.854642
-7256.670458,400,751.535741
-7593.440535,400,752.219985
-1240.342302,400,753.045292
-1262.367363,400,753.627509
-31.441875,400,754.198741
-1435.898468,400,754.776291
-1208.99964,400,755.345434
-7748.84199,400,756.035145
-7559.318618,400,758.122643
-7326.237334,400,758.796802
-7725.08416,400,759.470335
-7588.291749,400,760.13976
-7807.200996,400,760.808837
-7737.392015,400,762.89319
-7144.184856,400,763.565972
-7124.288566,400,764.241949
-7858.220427,400,764.921665
-8010.56261,400,765.597832
-7444.252139,400,767.680493
-7895.520187,400,768.366666
-7475.156814,400,769.041687
-6854.889781,400,769.712572
-7780.160739,400,770.391251
-7004.885909,400,772.468576
-2321.280575,400,773.155578
-7521.980927,400,773.828973
-7632.034142,400,774.50296
-7245.668126,400,775.176212
-7507.840388,400,777.25667
-7150.672206,400,777.944064
-7076.393362,400,778.629158
-7593.066565,400,779.3025
-939.091674,400,780.087879
-1178.433057,400,780.6516
-1321.814037,400,781.207928
-1359.603562,400,781.765202
-2335.654497,400,782.350131
-7513.44889,400,783.024728
-7200.19272,400,783.703699
-6983.095133,400,785.805753
-7804.172919,400,786.488937
-7356.309966,400,787.164093
-7828.71693,400,787.85523
-7709.063511,400,788.549952
-7710.582451,400,790.653378
-7433.388155,400,791.328378
-7960.211413,400,792.005901
-7669.60434,400,792.681418
-7655.862036,400,793.37173
-7457.908169,400,795.498353
-7633.488309,400,796.191537
-7518.7962,400,796.888943
-7495.334653,400,797.590551
-7618.512944,400,798.2755
-7511.143529,400,800.410309
-7529.260175,400,801.097724
-7541.965778,400,801.794141
-7293.021628,400,802.484528
-7123.736268,400,803.171562
-7245.547986,400,805.300164
-7371.384455,400,805.998055
-7579.375968,400,806.684717
-1324.228282,400,807.498771
-177.164942,400,808.069601
-1138.58279,400,808.646062
-2170.253015,400,809.223747
-1410.446949,400,809.788212
-7460.606273,400,810.47667
-6867.605376,400,811.166983
-7381.625553,400,813.277143
-7469.815166,400,813.945352
-7494.118919,400,814.622085
-6700.298269,400,815.294022
-7556.259826,400,815.969882
-7331.973881,400,818.061089
-3130.261545,400,818.74713
-7763.479337,400,819.426308
-7012.748526,400,820.110903
-7582.504925,400,820.794028
-6521.599385,400,822.901495
-7973.248661,400,823.581705
-7098.42821,400,824.259065
-7429.140125,400,824.941562
-7711.974589,400,825.634427
-6981.238998,400,826.314558
-7167.26457,400,828.431258
-8023.594059,400,829.104652
-8083.972497,400,829.787545
-7301.107726,400,830.461908
-7097.664107,400,831.14119
-7385.641929,400,833.232243
-7052.622786,400,833.906533
-2457.14347,400,834.719468
-1360.311336,400,835.270314
-1349.170225,400,835.83521
-1317.490904,400,836.37947
-1085.056859,400,836.926432
-7268.422155,400,837.606932
-7244.995144,400,838.275608
-7716.457721,400,838.945772
-7741.102155,400,841.04411
-7680.583725,400,841.715983
-7479.428527,400,842.388013
-7500.256265,400,843.066413
-7823.388175,400,843.746682
-7276.13138,400,845.8404
-7287.17227,400,846.511574
-8172.437844,400,847.192976
-7794.77683,400,847.864242
-7390.314834,400,848.534217
-7556.952458,400,850.626298
-7567.136013,400,851.30901
-7751.904357,400,851.980537
-7170.648284,400,852.655606
-7599.961637,400,853.322897
-6479.47024,400,855.434359
-7424.429051,400,856.131127
-7647.728851,400,856.821077
-6781.153286,400,857.506809
-7295.774595,400,858.190956
-7183.31958,400,860.32956
-6983.410785,400,861.028448
-1550.210916,400,861.833257
-1324.860142,400,862.404833
-1835.068378,400,862.970468
-2308.922792,400,863.558577
-1701.906644,400,864.127509
-7763.196753,400,864.81885
-7842.149239,400,865.506366
-7209.551106,400,866.188635
-7614.185195,400,868.32257
-7001.426121,400,869.009149
-7598.888535,400,869.701934
-7452.412449,400,870.395559
-7555.822058,400,871.0885
-6012.206309,400,873.22154
-7197.395983,400,873.911159
-6693.515564,400,874.599598
-7218.289032,400,875.283387
-6381.276162,400,875.973787
-7438.789721,400,876.656252
-7243.956937,400,878.782428
-7492.106299,400,879.460929
-7741.96161,400,880.152158
-6640.291545,400,880.829224
-7624.218069,400,881.514974
-7419.428397,400,883.621802
-7844.07296,400,884.292253
-7321.880652,400,884.971884
-6751.343238,400,885.641126
-7662.623357,400,886.308107
-7061.749626,400,888.385415
-1414.090587,400,889.171801
-1831.504851,400,889.727007
-1397.135541,400,890.269345
-1403.508078,400,890.832127
-2578.662085,400,891.403924
-7203.275415,400,892.079731
-7657.644531,400,892.759221
-7188.852572,400,893.425497
-7750.884799,400,894.11106
-7108.553972,400,896.187793
-7222.653746,400,896.865405
-7298.162796,400,897.538994
-7343.682094,400,898.220475
-7444.069017,400,898.894644
-7138.554405,400,900.967056
-5839.575164,400,901.648848
-7262.418814,400,902.327355
-7438.197102,400,903.003534
-6862.25608,400,903.67749
-6476.801277,400,905.757693
-7546.341192,400,906.438098
-6711.691601,400,907.117827
-6287.454948,400,907.793479
-7285.003567,400,908.462554
-7773.041806,400,910.530867
-8013.17491,400,911.218695
-6824.141974,400,911.892849
-7440.659071,400,912.563894
-7755.808166,400,913.233145
-7304.833752,400,915.296979
-1827.717094,400,916.109388
-3047.115149,400,916.684694
-1479.152532,400,917.244582
-2189.152088,400,917.819996
-1119.546788,400,918.38933
-7262.228621,400,919.072249
-7661.62149,400,919.746674
-7476.867417,400,920.418219
-7517.83088,400,921.090196
-7791.297674,400,921.761443
-7726.133575,400,923.859684
-7274.461374,400,924.548064
-7905.426371,400,925.240835
-7219.558119,400,925.93346
-7810.885855,400,926.618384
-7243.9661,400,928.741585
-7408.185115,400,929.438742
-7376.807615,400,930.132945
-7819.179139,400,930.825028
-7318.413484,400,931.512978
-7155.128453,400,933.647614
-6967.196083,400,934.337531
-7759.914161,400,935.025015
-7033.501801,400,935.717232
-7589.409054,400,936.405112
-7751.587646,400,938.524344
-7731.319201,400,939.218395
-7779.023088,400,939.908196
-7442.344459,400,940.59183
-7246.890209,400,941.279878
-1661.069105,400,942.101354
-1465.154333,400,942.657168
-573.372334,400,943.21628
-1380.638966,400,943.770157
-1912.924311,400,944.350163
-7807.935113,400,946.460992
-7454.462455,400,947.136924
-7349.121595,400,947.809834
-7258.225368,400,948.482672
-7604.648745,400,949.15263
-7092.066816,400,951.242631
-7267.116434,400,951.918586
-7692.781955,400,952.601897
-6876.228903,400,953.270117
-7462.292643,400,953.94949
-8081.418268,400,956.030569
-7038.990466,400,956.716035
-7443.394635,400,957.392202
-7506.227319,400,958.068451
-7641.685179,400,958.743098
-7345.049288,400,960.809107
-7271.858804,400,961.488876
-7838.68689,400,962.160656
-6536.722593,400,962.830073
-7075.030189,400,963.509393
-7096.144748,400,964.187061
-7366.340037,400,966.253498
-6449.744909,400,966.934004
-6941.878706,400,967.605721
-5831.750742,400,968.28633
-2109.558278,400,969.104874
-1895.718063,400,969.683628
-1344.222156,400,970.227819
-2043.884828,400,970.796288
-517.736952,400,971.385859
-7260.391016,400,972.067298
-7208.891507,400,974.138614
-7607.949831,400,974.806648
-7645.69381,400,975.492419
-7970.036691,400,976.177436
-7871.526287,400,976.863435
-7622.742773,400,978.945694
-7424.650752,400,979.618606
-7273.767453,400,980.296958
-7824.721165,400,980.965153
-6916.027744,400,981.633973
-7427.37393,400,983.698687
-7024.791667,400,984.390417
-7507.097545,400,985.060959
-7285.190853,400,985.740243
-7295.806341,400,986.407762
-7278.289069,400,988.469388
-6289.446795,400,989.15307
-6462.996054,400,989.82924
-7513.660435,400,990.5063
-7660.144239,400,991.17871
-6350.12857,400,993.241326
-7512.084913,400,993.933506
-6825.630648,400,994.611325
-7372.00665,400,995.28143
-287.775097,400,996.072102
-1694.773763,400,996.633569
-1637.071137,400,997.195594
-1911.912874,400,997.763566
-1044.226651,400,998.337912
-7415.809413,400,999.008915
-6864.998338,400,1001.078615
-6806.850178,400,1001.748363
-6871.674591,400,1002.429153
-7773.51979,400,1003.106385
-7302.181284,400,1003.783848
-6804.754137,400,1005.877505
-6251.868403,400,1006.561407
-6056.274077,400,1007.242414
-7367.570696,400,1007.93989
-7254.94898,400,1008.634995
-7659.825869,400,1010.762853
-6818.987051,400,1011.451673
-7133.631473,400,1012.136234
-7245.053087,400,1012.823401
-7528.049603,400,1013.508701
-6933.016296,400,1014.199908
-7759.690937,400,1016.329343
-7302.998659,400,1017.011939
-7067.477108,400,1017.690337
-7203.693932,400,1018.368521
-6991.943472,400,1019.059458
-7313.169208,400,1021.184696
-7279.907161,400,1021.856218
-7118.106191,400,1022.537823
-1536.53878,400,1023.321559
-2321.658522,400,1023.898228
-1558.619253,400,1024.444043
-1806.871224,400,1025.019021
-1915.190873,400,1025.598661
-6994.564316,400,1026.271914
-6907.852783,400,1026.945933
-6972.19762,400,1029.029412
-6671.030082,400,1029.71148
-7387.785542,400,1030.397686
-6899.479912,400,1031.071348
-7232.470607,400,1031.741592
-6670.501793,400,1033.83292
-6935.881899,400,1034.51273
-5038.974122,400,1035.194899
-6769.358985,400,1035.87214
-6501.483638,400,1036.552872
-7399.851532,400,1038.663062
-6536.112129,400,1039.340297
-7144.422935,400,1040.013482
-7203.927145,400,1040.688485
-7222.393161,400,1041.362036
-7104.988726,400,1043.448938
-7616.986805,400,1044.136977
-6800.678877,400,1044.808235
-7389.142369,400,1045.479327
-7250.131574,400,1046.154044
-7370.409216,400,1048.227949
-7191.947146,400,1048.905449
-6967.435824,400,1049.585086
-1582.489553,400,1050.370206
-1393.63706,400,1050.929156
-1233.887489,400,1051.490501
-1366.290382,400,1052.045435
-2621.630594,400,1052.617499
-7552.95457,400,1053.293501
-7427.1213,400,1053.967373
-7813.607569,400,1056.071392
-7358.561567,400,1056.764099
-7484.385058,400,1057.46678
-7231.421743,400,1058.160727
-7223.037674,400,1058.852917
-7050.715468,400,1059.542303
-6386.838801,400,1061.684628
-7330.705485,400,1062.369103
-6852.690533,400,1063.056209
-7680.906023,400,1063.743445
-6977.604878,400,1064.425734
-6678.689248,400,1066.583457
-7242.445841,400,1067.286686
-7256.014814,400,1067.970618
-7288.971875,400,1068.655973
-7361.513283,400,1069.350359
-7284.18873,400,1071.468203
-7071.766725,400,1072.138524
-6831.623637,400,1072.817778
-7257.331989,400,1073.491672
-7069.022256,400,1074.165965
-7347.415196,400,1076.230817
-7123.762879,400,1076.904327
-1329.898946,400,1077.697297
-1619.604279,400,1078.256539
-1507.13435,400,1078.811118
-1420.693518,400,1079.358016
-1466.937701,400,1079.921751
-6696.096289,400,1080.597119
-7632.62421,400,1081.264744
-7484.186293,400,1081.935943
-7121.699329,400,1084.037223
-6871.889459,400,1084.73141
-7404.908462,400,1085.427501
-6708.907922,400,1086.112897
-6881.286429,400,1086.798417
-6633.91228,400,1088.94781
-6554.502821,400,1089.640614
-6523.860289,400,1090.328168
-6984.333373,400,1091.012763
-7399.571968,400,1091.70063
-7330.261909,400,1093.837197
-7456.090926,400,1094.52835
-6713.997922,400,1095.217173
-7088.019487,400,1095.901044
-6716.168373,400,1096.59092
-6847.836261,400,1098.728784
-5455.580107,400,1099.423465
-7248.585578,400,1100.116438
-6977.402502,400,1100.804605
-6499.957428,400,1101.503674
-6834.665978,400,1102.195629
-7700.718378,400,1104.303854
-1313.172764,400,1105.10117
-1542.818638,400,1105.656157
-1396.944732,400,1106.208493
-1514.805337,400,1106.760929
-1959.334659,400,1107.337425
-7290.150503,400,1108.01797
-6632.452627,400,1108.688317
-7028.802546,400,1109.3611
-6897.705054,400,1110.037566
-7009.045333,400,1112.112374
-7393.052526,400,1112.783735
-7257.438977,400,1113.456959
-7197.14217,400,1114.131586
-7279.25761,400,1114.798192
-7371.017425,400,1116.898066
-6742.98708,400,1117.573015
-7234.987144,400,1118.243641
-7055.382018,400,1118.916979
-7381.152537,400,1119.599619
-6766.517737,400,1121.673239
-4470.136628,400,1122.349346
-7263.728259,400,1123.027614
-7358.403614,400,1123.711881
-7151.184422,400,1124.390463
-6429.602786,400,1126.479532
-5821.657286,400,1127.157643
-7031.87406,400,1127.833645
-7469.625249,400,1128.50664
-6998.767769,400,1129.182302
-6936.813837,400,1131.251361
-1405.75908,400,1132.06674
-1622.453215,400,1132.638736
-1349.605415,400,1133.205406
-1408.480243,400,1133.764624
-1383.770177,400,1134.319948
-6918.989726,400,1134.991593
-6926.349675,400,1135.665613
-6824.050565,400,1136.345078
-7227.892957,400,1137.024537
-7381.420946,400,1139.118334
-4789.466226,400,1139.799086
-6878.852437,400,1140.482605
-7274.379129,400,1141.168663
-6515.10718,400,1141.842939
-7205.976769,400,1143.932158
-6926.765483,400,1144.605014
-6449.370399,400,1145.280694
-7103.180041,400,1145.948558
-7017.649963,400,1146.623579
-7000.895458,400,1148.708874
-7255.898486,400,1149.38336
-7220.099186,400,1150.054001
-6809.322252,400,1150.73572
-4341.7594,400,1151.412755
-6828.874009,400,1152.092486
-6036.422676,400,1154.202342
-6883.591063,400,1154.8921
-6363.572945,400,1155.582873
-7017.510943,400,1156.287013
-6920.226233,400,1156.969518
-1563.432533,400,1157.77594
-2269.709708,400,1158.363709
-1515.766796,400,1158.928909
-678.589707,400,1159.492477
-1345.256559,400,1160.061139
-6536.093789,400,1162.20912
-5675.379509,400,1162.895574
-6843.393187,400,1163.575099
-6729.374579,400,1164.25222
-7063.798673,400,1164.929801
-3228.38079,400,1167.043001
-7563.589849,400,1167.718029
-6659.380693,400,1168.383982
-5912.890183,400,1169.049726
-6748.125227,400,1169.729262
-6411.10426,400,1171.807736
-6142.370948,400,1172.495004
-6741.534099,400,1173.162056
-7031.980396,400,1173.832467
-7287.144085,400,1174.50615
-6989.472113,400,1176.568475
-6753.961763,400,1177.271245
-6721.192018,400,1177.950302
-6815.868671,400,1178.623973
-6049.578548,400,1179.294348
-6171.004049,400,1181.360736
-6715.795975,400,1182.036261
-6915.988042,400,1182.721208
-5859.344889,400,1183.386981
-6706.952209,400,1184.05253
-1693.629892,400,1184.874648
-1497.581079,400,1185.436275
-1366.798345,400,1185.996186
-1541.736852,400,1186.554044
-1754.516171,400,1187.116305
-6972.548112,400,1189.201357
-6451.244001,400,1189.86944
-6233.912404,400,1190.543021
-6099.804322,400,1191.240268
-6959.758044,400,1191.914047
-6744.520092,400,1193.99805
-6788.213232,400,1194.677845
-6148.215435,400,1195.348942
-6665.732078,400,1196.044986
-7336.264618,400,1196.71415
-6482.24152,400,1197.384539
-6823.769085,400,1199.474433
-6943.84648,400,1200.14863
-6674.501071,400,1200.816597
-6550.225561,400,1201.47868
-6447.93614,400,1202.160301
-7137.099013,400,1204.23804
-6108.176662,400,1204.9176
-6941.279599,400,1205.607903
-7094.196453,400,1206.282233
-5704.222278,400,1206.960082
-5057.009055,400,1209.040632
-6235.735179,400,1209.729085
-6630.70895,400,1210.40135
-7197.188769,400,1211.073114
-949.695018,400,1211.893976
-397.540449,400,1212.453091
-1471.078397,400,1213.003762
-1560.807959,400,1213.56441
-780.75316,400,1214.147058
-6900.777688,400,1214.822155
-6588.49007,400,1216.914488
-6836.866992,400,1217.584368
-6996.758504,400,1218.253249
-7351.662027,400,1218.920995
-6766.997408,400,1219.588648
-6373.664217,400,1221.686584
-7259.225876,400,1222.355201
-6460.850702,400,1223.023866
-6742.368727,400,1223.693181
-6667.156504,400,1224.366686
-6929.041669,400,1226.468869
-6164.530324,400,1227.142305
-5556.03662,400,1227.822696
-6991.17373,400,1228.492609
-6675.24062,400,1229.163733
-6676.806105,400,1231.254495
-6323.69051,400,1231.936594
-6661.025612,400,1232.613782
-6520.582615,400,1233.287404
-6790.351089,400,1233.961811
-6952.25988,400,1236.045019
-7303.866178,400,1236.724167
-6101.559953,400,1237.405416
-4722.029274,400,1238.080484
0.599884,400,1238.874573
-1302.162871,400,1239.43667
-1332.319323,400,1239.994725
-1264.610831,400,1240.54805
-1399.818132,400,1241.098367
-6032.465191,400,1241.771415
-7094.014204,400,1242.440871
-7123.631331,400,1244.541654
-6408.576797,400,1245.213157
-6780.774907,400,1245.880935
-7062.361217,400,1246.552073
-4125.150825,400,1247.224291
-6902.175546,400,1249.327971
-6635.117461,400,1249.995652
-6805.214275,400,1250.66487
-6338.778464,400,1251.334319
-7113.933376,400,1252.011711
-6711.192685,400,1254.097163
-6573.105818,400,1254.770302
-6933.254382,400,1255.440314
-7173.392396,400,1256.116398
-6641.210534,400,1256.787817
-6986.839219,400,1258.854635
-7028.935534,400,1259.536759
-6842.053939,400,1260.216988
-6127.278127,400,1260.884779
-7037.958598,400,1261.558193
-6742.374448,400,1263.627185
-2059.439401,400,1264.311016
-6967.753957,400,1264.990683
-1107.154014,400,1265.77765
-1690.600591,400,1266.348212
-1905.982066,400,1266.908454
-185.405019,400,1267.486665
-27.328996,400,1268.057227
-6953.927966,400,1268.729847
-6857.847663,400,1269.398449
-6464.042132,400,1271.48434
-2793.316118,400,1272.172172
-6182.365598,400,1272.852217
-4025.765942,400,1273.522597
-6839.342239,400,1274.19008
-5102.936947,400,1276.290365
-6415.090302,400,1276.964965
-6287.293422,400,1277.648175
-5882.387856,400,1278.315008
-6552.900896,400,1278.982705
-6750.547453,400,1281.080219
-6906.190882,400,1281.757478
-5996.430279,400,1282.433508
-6406.180116,400,1283.1029
-6505.893934,400,1283.788672
-6481.320062,400,1285.874183
-6862.243451,400,1286.549827
-6421.763684,400,1287.218758
-5825.398523,400,1287.891706
-6846.04275,400,1288.563814
-6040.159789,400,1289.240623
-6372.357432,400,1291.332644
-6861.016923,400,1292.00879
-846.824361,400,1292.806179
-1165.024652,400,1293.380345
-901.110524,400,1293.927174
-860.598762,400,1294.479859
-742.881457,400,1295.031878
-5231.367382,400,1295.708145
-6094.167368,400,1296.382676
-6670.110888,400,1297.056272
-6658.805691,400,1299.149279
-6716.554625,400,1299.822522
-6521.748678,400,1300.490896
-6120.91146,400,1301.163961
-6749.636533,400,1301.835308
-6639.806867,400,1303.925525
-6811.726436,400,1304.593583
-6448.674981,400,1305.27837
-5710.673118,400,1305.977054
-6645.75226,400,1306.649276
-6755.348851,400,1308.734368
-6621.230273,400,1309.409113
-6806.57034,400,1310.080909
-6695.217953,400,1310.772325
-5513.500589,400,1311.455409
-7234.859032,400,1313.530374
-6285.788364,400,1314.212643
-6800.355117,400,1314.88123
-6427.091992,400,1315.548774
-6336.600579,400,1316.220378
-6272.39734,400,1318.29082
-6670.229081,400,1318.968494
-990.743728,400,1319.761045
-953.526956,400,1320.309044
-1159.966898,400,1320.866779
-975.773463,400,1321.438004
-114.030588,400,1321.987721
-7018.340009,400,1322.663393
-6481.266656,400,1323.33547
-6242.14058,400,1324.006644
-6865.364298,400,1326.096879
-6468.932676,400,1326.768167
-6427.189613,400,1327.438696
-6006.661258,400,1328.118479
-6692.068174,400,1328.793388
-6012.892114,400,1330.871722
-6693.95045,400,1331.541211
-6780.378457,400,1332.217824
-6151.04297,400,1332.901943
-6681.097057,400,1333.56968
-6231.607938,400,1334.237174
-6754.28198,400,1336.323344
-6385.792216,400,1336.990971
-6560.580539,400,1337.66212
-6457.078828,400,1338.329514
-6575.421258,400,1339.002607
-7150.188964,400,1341.099993
-6402.089337,400,1341.773473
-6146.930738,400,1342.443054
-6566.926482,400,1343.11713
-6584.344762,400,1343.792113
-3604.393564,400,1345.895355
-1016.657845,400,1346.692806
-408.824497,400,1347.242501
-1118.320429,400,1347.820251
-998.38581,400,1348.394272
-872.656321,400,1348.949079
-6718.461691,400,1349.622239
-6376.675306,400,1350.290328
-6638.747406,400,1350.960599
-5478.144162,400,1351.632614
-6591.882683,400,1353.738194
-6473.041828,400,1354.418662
-6736.62355,400,1355.097436
-5952.178262,400,1355.779455
-6419.175752,400,1356.461559
-5755.358792,400,1358.588982
-6290.445704,400,1359.271361
-6475.897882,400,1359.946792
-6252.914022,400,1360.63306
-5863.176921,400,1361.334182
-6418.063893,400,1363.452449
-6297.3325,400,1364.11979
-6769.082933,400,1364.789445
-6765.451112,400,1365.459242
-5936.840828,400,1366.127591
-6083.2397,400,1368.219012
-6210.353306,400,1368.903784
-6299.326723,400,1369.587101
-6928.625372,400,1370.268775
-6783.48774,400,1370.946836
-6644.269689,400,1373.04404
402.183704,400,1373.861532
-695.57472,400,1374.432085
-1213.962043,400,1375.001906
-1246.69577,400,1375.56726
-684.556429,400,1376.128045
-6280.979079,400,1376.812613
-6540.669855,400,1377.498394
-6491.959925,400,1378.176576
-6135.981776,400,1378.866046
-6588.079877,400,1379.55058
-6258.837552,400,1381.645783
-6864.595426,400,1382.320576
-6705.512741,400,1383.00287
-3331.365323,400,1383.675303
-6481.449863,400,1384.347617
-6359.827232,400,1386.44955
-6718.951324,400,1387.133256
-6811.193115,400,1387.804649
-6310.810181,400,1388.484587
-6819.400198,400,1389.161716
-5960.411261,400,1391.241163
-5819.976825,400,1391.933516
-6840.68625,400,1392.60527
-6368.07308,400,1393.278301
-6287.934476,400,1393.959802
-6683.206202,400,1396.053856
-6228.598555,400,1396.752881
-6433.721155,400,1397.43304
-6717.968593,400,1398.115047
-6497.42868,400,1398.792354
-2391.433041,400,1399.706816
-1193.542187,400,1400.273762
-1057.68968,400,1400.838116
-1494.758571,400,1401.411686
592.378025,400,1401.995281
-6594.614828,400,1404.134789
-6460.350171,400,1404.823483
-6522.445707,400,1405.513005
-6501.059682,400,1406.197424
-6089.561052,400,1406.890823
-6257.100004,400,1409.024689
-6618.545496,400,1409.696478
-6800.883221,400,1410.36386
-6308.313869,400,1411.035533
-6900.492227,400,1411.704966
-6078.247077,400,1413.799661
-5882.326839,400,1414.480632
-6267.08503,400,1415.151294
-6187.22041,400,1415.825365
-6420.820178,400,1416.504513
-6718.954847,400,1418.582453
-6281.888586,400,1419.272903
-6541.761285,400,1419.944812
-6640.9242,400,1420.620346
-6260.28468,400,1421.291423
-5777.241874,400,1423.37534
-6507.16138,400,1424.068192
-5768.665824,400,1424.782283
-7026.841601,400,1425.470377
-6733.204197,400,1426.156121
-1274.90939,400,1426.970031
-1278.18531,400,1427.547761
-1612.57899,400,1428.124669
-1720.127866,400,1428.709294
-728.40313,400,1429.29494
-6385.498525,400,1429.98605
-6319.872484,400,1432.098554
-6375.728518,400,1432.775049
-6580.694353,400,1433.447994
-6438.047025,400,1434.1157
-6588.060778,400,1434.7944
-4396.256209,400,1436.880646
-5694.024089,400,1437.55438
-6490.327394,400,1438.228948
-4940.248398,400,1438.900114
-5974.523931,400,1439.576102
-6317.969501,400,1441.661833
-5429.758216,400,1442.346112
-6101.082271,400,1443.018804
-6551.986419,400,1443.687255
-6315.258997,400,1444.355644
-6273.140847,400,1446.440705
-6248.166397,400,1447.124339
-6278.888657,400,1447.795274
-7099.116775,400,1448.465689
-6549.878163,400,1449.137558
-3784.100443,400,1451.235188
-6556.147049,400,1451.913203
-6658.348405,400,1452.590076
-7142.066535,400,1453.258927
-1170.169191,400,1454.05235
-1219.483989,400,1454.610804
-934.158914,400,1455.181849
-1138.865293,400,1455.742096
-1085.96521,400,1456.285492
-6163.736655,400,1456.966404
-6043.5081,400,1459.073557
-4509.950709,400,1459.775154
-5937.404243,400,1460.46357
-5854.780411,400,1461.164287
-6001.611344,400,1461.852547
-6294.4196,400,1463.973133
-6016.270204,400,1464.645336
-6620.699122,400,1465.316969
-6433.395813,400,1465.987929
-6462.345863,400,1466.666819
-3927.135784,400,1468.773677
-5982.301542,400,1469.447926
-6668.045511,400,1470.11412
-6659.693912,400,1470.788956
-6370.001164,400,1471.458006
-6276.623484,400,1472.13259
-6419.445273,400,1474.219951
-6275.168379,400,1474.899755
-6546.749253,400,1475.570648
-6821.814764,400,1476.238623
-6673.009158,400,1476.903603
-5904.809932,400,1479.024341
-6545.993262,400,1479.718523
-6215.742976,400,1480.414554
-626.113086,400,1481.240545
-1181.906955,400,1481.81133
910.715439,400,1482.390636
-1206.65376,400,1482.959308
540.594198,400,1483.530121
-6840.347576,400,1484.221979
-5788.985313,400,1484.914287
-5941.474605,400,1487.024645
-6211.307661,400,1487.700242
-5732.843071,400,1488.39111
-6344.896107,400,1489.063734
-6159.130158,400,1489.733257
-5585.858854,400,1491.823484
-6403.844049,400,1492.490182
-6003.697705,400,1493.161202
-5902.372037,400,1493.830942
-6180.188015,400,1494.501069
-6106.007457,400,1496.58214
-6354.837069,400,1497.25671
-6495.083459,400,1497.924831
-6521.797448,400,1498.610678
-6347.709858,400,1499.296937
-5836.18145,400,1501.375846
-6474.388764,400,1502.060377
-5701.06899,400,1502.725416
-5974.609222,400,1503.396465
-6267.399879,400,1504.067095
-6142.223941,400,1506.162101
-5969.487359,400,1506.898064
-6469.133667,400,1507.56789
-1085.223127,400,1508.35214
-1019.918811,400,1508.944004
-1038.041732,400,1509.497874
-1083.851136,400,1510.043081
-624.815397,400,1510.625093
-6321.952539,400,1511.304385
-5876.431533,400,1511.983839
-5300.814015,400,1514.089351
-6378.64378,400,1514.787648
-6328.070422,400,1515.45589
-5561.274056,400,1516.136997
-6558.634235,400,1516.805549
-6428.223747,400,1517.479207
-6488.153808,400,1519.586946
-6525.75844,400,1520.25267
-6246.464798,400,1520.922597
-6120.399578,400,1521.600765
-6410.328072,400,1522.285812
-6734.600308,400,1524.390776
-5352.57274,400,1525.061004
-6641.948348,400,1525.729771
-5856.87316,400,1526.422071
-6575.501276,400,1527.092541
-6501.631096,400,1529.196101
-5214.274775,400,1529.876518
-6294.203986,400,1530.556867
-6751.163685,400,1531.235756
-6320.643238,400,1531.914562
-6173.418183,400,1534.037072
-6677.009427,400,1534.724948
-1279.822467,400,1535.530138
-487.201757,400,1536.115817
-16.329089,400,1536.692028
-1125.863383,400,1537.245351
-1129.259426,400,1537.798975
-6188.245224,400,1538.488806
-6060.414201,400,1539.204356
-6078.306105,400,1539.882393
-6466.284194,400,1542.020281
-6072.110029,400,1542.704993
-6247.110646,400,1543.388125
-6054.369236,400,1544.065352
-5165.80571,400,1544.749954
-6132.126158,400,1546.881735
-6598.585364,400,1547.551005
-5870.984308,400,1548.235795
-5732.390636,400,1548.906831
-5997.799969,400,1549.584363
-6187.535697,400,1551.689703
-5894.007319,400,1552.360563
-6204.8205,400,1553.04423
-6559.000869,400,1553.715027
-5818.331549,400,1554.401867
-5715.710477,400,1556.498728
-6358.809252,400,1557.187596
-6821.552375,400,1557.86928
-5910.066613,400,1558.555726
-5560.530593,400,1559.243864
-6402.945597,400,1561.349884
-6425.219684,400,1562.04965
-1207.536512,400,1562.852262
-511.167461,400,1563.425447
-1010.00158,400,1563.993907
-515.665709,400,1564.57641
-475.252002,400,1565.169128
-5613.916041,400,1565.855144
-6081.857644,400,1566.536921
-5558.681014,400,1567.219563
-5937.409932,400,1567.906836
-7123.755219,400,1570.043705
-6190.035617,400,1570.719391
-5589.772045,400,1571.41487
-6428.846914,400,1572.093508
-6295.731152,400,1572.779145
-4317.857511,400,1574.916416
-5668.984372,400,1575.605041
-5722.431743,400,1576.285748
-4110.520136,400,1576.985745
-5828.304977,400,1577.67491
-6420.634517,400,1579.803328
-4679.597902,400,1580.488011
-5744.545897,400,1581.186376
-5583.517293,400,1581.872769
-6128.162714,400,1582.561394
-5922.234178,400,1584.69841
-6385.437654,400,1585.38661
-6391.591483,400,1586.071849
-5575.102035,400,1586.778132
-5991.947742,400,1587.465497
-5853.516821,400,1589.617712
-1564.770119,400,1590.436624
-1155.444031,400,1590.995001
-1427.229007,400,1591.563384
-583.638304,400,1592.172838
-740.495253,400,1592.759725
-6221.422355,400,1593.4501
-4613.095927,400,1594.155427
-5176.947104,400,1594.847988
-5849.186907,400,1595.532035
-6177.332081,400,1597.67441
-5883.519194,400,1598.378399
-6054.600527,400,1599.048269
-6287.927772,400,1599.719391
-5809.509901,400,1600.394659
-5803.788436,400,1602.50855
-6115.009715,400,1603.178708
-6306.749588,400,1603.844226
-5230.760702,400,1604.515926
-4851.328914,400,1605.195154
-5368.50019,400,1607.295448
-6073.300366,400,1607.967397
-3530.6251,400,1608.65205
-6177.379951,400,1609.33739
-5210.382511,400,1610.008485
-6369.815628,400,1610.679243
-6011.712927,400,1612.784582
-6292.491534,400,1613.4527
-6337.79869,400,1614.12128
-5729.174367,400,1614.791911
-6575.692782,400,1615.464517
-1246.519054,400,1616.268254
-3071.972743,400,1616.852769
-1332.591406,400,1617.411674
-1364.634283,400,1617.971318
-1059.541309,400,1618.535058
-6322.130874,400,1620.647958
-6693.535173,400,1621.325286
-5497.831314,400,1622.001868
-6237.034762,400,1622.67575
-6540.376257,400,1623.374172
-5751.664029,400,1625.46628
-5855.952881,400,1626.140445
-6452.413678,400,1626.827836
-5890.769863,400,1627.510748
-5970.66389,400,1628.180736
-6382.533536,400,1630.273913
-4408.363168,400,1630.952029
-5976.181354,400,1631.62005
-5948.5629,400,1632.299591
-6011.382261,400,1632.973529
-6192.572957,400,1635.057923
-6496.842748,400,1635.742671
-6847.975912,400,1636.416826
-5886.515016,400,1637.106192
-5515.344442,400,1637.785691
-6643.690995,400,1639.887951
-5655.316008,400,1640.59019
-5949.731724,400,1641.27071
-5603.326948,400,1641.949004
-6334.571843,400,1642.617449
-870.627676,400,1643.420575
-1329.651161,400,1643.986252
-1155.482151,400,1644.540502
-844.42005,400,1645.10526
-1201.343533,400,1645.648995
-5567.998555,400,1647.795971
-5754.003712,400,1648.4949
-6138.586241,400,1649.195714
-5423.086503,400,1649.907101
-6253.237254,400,1650.592016
-6170.294996,400,1652.745084
-6121.011984,400,1653.430486
-5837.27438,400,1654.117654
-6257.859341,400,1654.804019
-5767.799035,400,1655.496815
-6071.834085,400,1656.185215
-5750.073955,400,1658.312767
-6128.287217,400,1658.991285
-6225.826144,400,1659.659884
-6390.396184,400,1660.339488
-5616.749154,400,1661.017216
-5221.013951,400,1663.108296
-5492.580344,400,1663.787819
-6174.252328,400,1664.455591
-6313.289215,400,1665.13189
-6042.087486,400,1665.801547
-5659.725998,400,1667.894291
-6445.73912,400,1668.571303
-6327.805571,400,1669.243245
-6015.049653,400,1669.911259
-1153.068379,400,1670.711393
-1332.94159,400,1671.281687
-1334.30876,400,1671.829722
-1288.899991,400,1672.386101
-482.32783,400,1672.935994
-6411.593468,400,1673.620517
-6129.901655,400,1675.72425
-5644.025147,400,1676.396894
-5851.297242,400,1677.075158
-6096.010052,400,1677.75069
-6208.724555,400,1678.423446
-5569.563669,400,1680.523659
-4999.362797,400,1681.210052
-5316.494854,400,1681.888219
-6212.775619,400,1682.564916
-5209.560009,400,1683.237527
-3511.629554,400,1685.33129
-5848.886926,400,1686.005051
-5631.758715,400,1686.680767
-5962.808182,400,1687.362127
-6099.138364,400,1688.046117
-6341.029985,400,1690.137495
-5917.825447,400,1690.829259
-6333.625972,400,1691.50131
-6183.314523,400,1692.168956
-5554.360704,400,1692.845631
-5666.771378,400,1694.929273
-6140.37664,400,1695.620111
-6143.52911,400,1696.290218
-640.715015,400,1696.968918
-1452.861614,400,1697.768892
-1221.371924,400,1698.334158
-1501.080488,400,1698.922179
-1178.437168,400,1699.492263
-78.081397,400,1700.060668
-6098.057372,400,1700.736475
-6303.230162,400,1702.846973
-5819.009866,400,1703.52735
-6305.852583,400,1704.198764
-5631.236147,400,1704.868742
-6194.908936,400,1705.535301
-5406.416084,400,1706.202593
-6108.314789,400,1708.309992
-5779.527579,400,1708.982438
-6178.965514,400,1709.649936
-6138.940639,400,1710.323748
-5695.560536,400,1710.98865
-6052.318182,400,1713.127925
-5979.009326,400,1713.84133
-5294.065658,400,1714.536905
-6071.85619,400,1715.220784
-6199.270475,400,1715.906841
-5349.279865,400,1718.070434
-5951.58992,400,1718.805117
-6461.377882,400,1719.494433
-5705.665615,400,1720.187469
-6223.614983,400,1720.872203
-5807.411376,400,1723.024676
-6223.229323,400,1723.699598
-5616.700975,400,1724.36597
-1114.893787,400,1725.208998
-1368.513934,400,1725.780293
-1433.215817,400,1726.349261
-1525.881771,400,1726.91131
-396.361686,400,1727.490993
-6137.34858,400,1728.164428
-5765.573357,400,1728.836312
-5690.241076,400,1730.945153
-5469.89353,400,1731.619826
-6157.11519,400,1732.311802
-5145.970953,400,1732.990466
-6027.43499,400,1733.661857
-6650.354477,400,1735.760602
-5637.527473,400,1736.440545
-6140.732536,400,1737.118498
-5531.200471,400,1737.791158
-5400.590208,400,1738.466071
-6040.49717,400,1740.575673
-5629.699636,400,1741.249965
-5852.469661,400,1741.919529
-5508.534523,400,1742.594028
-5884.637408,400,1743.277466
-5223.518723,400,1745.397615
-6376.694847,400,1746.081777
-4979.847082,400,1746.760532
-4936.345829,400,1747.442249
-5387.761917,400,1748.11291
-5555.736926,400,1748.788189
-6008.150757,400,1750.893028
-6075.060299,400,1751.584109
-565.59915,400,1752.391974
-1123.594288,400,1752.962992
-655.998379,400,1753.526411
-541.250422,400,1754.094489
-524.932806,400,1754.664338
-5906.590924,400,1755.361255
-5770.220545,400,1756.043612
-6052.539032,400,1756.712146
-5153.713788,400,1758.826796
-5264.436142,400,1759.511748
-5380.914983,400,1760.179861
-6606.635865,400,1760.847991
-5538.959133,400,1761.530544
-6762.828686,400,1763.637296
-5842.242826,400,1764.305314
-5046.091571,400,1764.988694
-5599.104003,400,1765.670049
-5249.845115,400,1766.345387
-6129.265156,400,1768.449469
-6004.116399,400,1769.160619
-5833.43062,400,1769.845749
-5846.137615,400,1770.553451
-5629.912064,400,1771.23277
-5881.497404,400,1773.344192
-5288.185857,400,1774.023658
-5152.420242,400,1774.703835
-5627.826895,400,1775.382601
-5331.332041,400,1776.057476
-5463.478072,400,1778.158453
-4346.78757,400,1778.854031
-873.578163,400,1779.68721
-990.222289,400,1780.271805
-1058.565363,400,1780.845451
-896.279227,400,1781.407173
-93.934442,400,1781.969169
-6196.561003,400,1782.64419
-5548.901508,400,1783.333184
-5295.350591,400,1784.003531
-6124.149925,400,1786.105563
-4907.145115,400,1786.783283
-5770.120057,400,1787.454209
-5671.348087,400,1788.132368
-3103.196006,400,1788.823076
-5475.409189,400,1790.947813
-5532.437738,400,1791.615769
-5620.176325,400,1792.291237
-5790.613384,400,1792.962536
-5270.900241,400,1793.632699
-5843.998779,400,1794.30155
-5451.015534,400,1796.430264
-5694.66752,400,1797.114307
-6048.960068,400,1797.786451
-5218.705949,400,1798.465535
-6303.279032,400,1799.129582
-5083.269732,400,1801.247178
-5870.305144,400,1801.918904
-5314.142624,400,1802.594671
-5802.626325,400,1803.262198
-5942.558409,400,1803.935681
-5163.540667,400,1806.065911
-1003.236292,400,1806.870287
-1741.656399,400,1807.474882
-884.959663,400,1808.029868
-853.999968,400,1808.597972
-1031.725574,400,1809.165469
-5254.003981,400,1809.872807
-6306.112899,400,1810.561104
-5334.301683,400,1811.258731
-5886.252668,400,1811.943118
-4533.265188,400,1814.117396
-5844.450467,400,1814.802174
-5357.478141,400,1815.490647
-5894.36684,400,1816.21033
-5799.709038,400,1816.914779
-5519.707195,400,1819.075893
-6024.068177,400,1819.765314
-5712.741432,400,1820.45163
-5838.68123,400,1821.143516
-5370.548843,400,1821.844051
-5617.653266,400,1824.012187
-5032.502749,400,1824.70734
-5450.552963,400,1825.394495
-5564.339207,400,1826.086741
-5495.287488,400,1826.780479
-5752.095251,400,1828.947207
-5021.616021,400,1829.636816
-6192.237841,400,1830.32305
-5707.905228,400,1831.016185
-5426.363681,400,1831.740857
-5818.614779,400,1833.894812
-917.711085,400,1834.707793
-886.821881,400,1835.307837
-1442.96533,400,1835.871674
-1104.496874,400,1836.441414
-599.005359,400,1837.011798
-5641.358337,400,1837.706681
-5726.440041,400,1838.399153
-5936.830969,400,1839.083715
-4733.40461,400,1839.790365
-5804.556583,400,1841.964705
-5580.607143,400,1842.663944
-5348.764406,400,1843.366502
-4594.159567,400,1844.057006
-5201.870521,400,1844.757644
-4799.452874,400,1845.448025
-4777.666704,400,1847.6166
-5700.762598,400,1848.323583
-5265.872267,400,1849.023615
-5279.953694,400,1849.715503
-5805.01518,400,1850.40338
-5483.552935,400,1852.586168
-5293.96056,400,1853.275014
2500.051925,400,1853.978453
-5297.251094,400,1854.672025
-4677.418416,400,1855.368474
-5153.658086,400,1857.539126
-5515.93658,400,1858.231185
-5916.366648,400,1858.91986
-5324.928756,400,1859.608609
-5772.535755,400,1860.308753
-1301.843704,400,1861.150358
-872.229369,400,1861.710153
-959.645494,400,1862.271272
-1317.821116,400,1862.839572
-981.51867,400,1863.421675
-5407.279525,400,1865.593945
-6134.740114,400,1866.280854
-5393.960095,400,1866.977854
-5405.305694,400,1867.659333
-5373.602854,400,1868.355912
-5545.233679,400,1870.497691
-5398.824624,400,1871.172315
-3743.93407,400,1871.849538
-5785.990011,400,1872.527887
-5502.593092,400,1873.195673
-5229.622923,400,1875.314384
-5822.343786,400,1875.991375
-5261.78584,400,1876.677517
-5430.217114,400,1877.356879
-5144.88738,400,1878.033306
-5442.819424,400,1880.143267
-5804.218325,400,1880.827699
-5911.816503,400,1881.498065
-5291.042634,400,1882.173175
-5566.224249,400,1882.846686
-5573.483266,400,1884.972741
-6083.216268,400,1885.652235
-5595.045006,400,1886.320019
-5700.542815,400,1886.986721
-5758.59305,400,1887.658071
-1663.425011,400,1888.474963
-865.482886,400,1889.020192
-895.064391,400,1889.567015
-921.700236,400,1890.112499
-900.185146,400,1890.655138
-4919.10317,400,1891.345136
-6211.016851,400,1893.46254
-5352.553286,400,1894.139259
-5619.86479,400,1894.808769
-5134.631242,400,1895.487515
-5005.736297,400,1896.158548
-5073.036507,400,1898.294755
-5395.055709,400,1898.975677
-6003.050493,400,1899.647259
-5572.371309,400,1900.319579
-5242.37456,400,1900.992933
-5116.467226,400,1903.109481
-4744.700564,400,1903.793372
-5548.716657,400,1904.482643
-4889.705334,400,1905.159042
-5134.017374,400,1905.826051
-5715.636204,400,1907.931072
-5557.821188,400,1908.608209
-5674.262453,400,1909.280419
-6207.175537,400,1909.953039
-6040.261651,400,1910.630773
-6280.80853,400,1912.743916
-5849.4967,400,1913.424958
-5089.304695,400,1914.101568
-5922.82255,400,1914.777905
-869.634145,400,1915.570993
-1141.059659,400,1916.141826
-934.64258,400,1916.687543
-1168.578964,400,1917.235542
-899.493395,400,1917.783151
-5400.345546,400,1918.457888
-5778.276949,400,1920.569737
-4585.825668,400,1921.249871
-5787.008451,400,1921.937019
-5623.386651,400,1922.60547
-5804.800894,400,1923.275876
-5466.314026,400,1925.389319
-5743.377079,400,1926.075042
-5627.584604,400,1926.758939
-5265.649074,400,1927.446234
-5408.71007,400,1928.128572
-5748.497938,400,1930.271091
-5132.228496,400,1930.95799
-5613.228159,400,1931.638672
-5353.589581,400,1932.317762
-4953.635256,400,1933.005029
-5783.815361,400,1933.69034
-5355.664067,400,1935.809572
-5587.614803,400,1936.480595
-5323.862155,400,1937.149787
-5159.108242,400,1937.820215
-5476.78968,400,1938.503956
-5488.281887,400,1940.623757
-5623.110603,400,1941.302014
-4190.550444,400,1941.97884
-1114.628286,400,1942.76891
-1011.255971,400,1943.314614
-931.632179,400,1943.875286
-1025.23178,400,1944.429853
-869.653853,400,1944.977195
-5499.533671,400,1945.659702
-5118.595825,400,1946.335014
-4802.778202,400,1948.470249
-5605.459422,400,1949.156705
-5155.35547,400,1949.840687
-4893.886255,400,1950.520333
-5661.895915,400,1951.188011
-5336.287177,400,1953.323338
-5399.865814,400,1954.010741
-5573.847468,400,1954.699756
-5292.245541,400,1955.394499
-5730.45154,400,1956.081268
-5587.683715,400,1958.273274
-5376.881045,400,1958.959479
-5911.971748,400,1959.669399
-5696.805499,400,1960.35241
-5273.881138,400,1961.034764
-5187.302764,400,1963.214729
-5776.324906,400,1963.901749
-5025.914904,400,1964.59267
-5400.655735,400,1965.281782
-5288.335556,400,1965.966737
-5476.708972,400,1968.118324
-5211.095527,400,1968.802383
-5698.789219,400,1969.480692
-903.169425,400,1970.275195
-826.819974,400,1970.830327
-1088.74597,400,1971.379167
-785.342368,400,1971.937648
-827.990216,400,1972.494396
-5272.082772,400,1973.182947
-5120.843998,400,1973.860934
-5459.050753,400,1975.995664
-5597.38811,400,1976.668284
-5313.269934,400,1977.337184
-5611.567381,400,1978.008245
-5547.215594,400,1978.678221
-5031.226302,400,1980.80297
-5657.762547,400,1981.47166
-5479.644049,400,1982.142358
-5836.508157,400,1982.81285
-5118.521726,400,1983.482102
-5069.81652,400,1984.170091
-5697.805818,400,1986.286502
-5703.777028,400,1986.953897
-5445.535249,400,1987.619008
-5072.155538,400,1988.291604
-5479.382596,400,1988.962636
-5170.295167,400,1991.075482
-5538.544611,400,1991.759321
-5283.737291,400,1992.440096
-5477.25765,400,1993.120655
-5332.473599,400,1993.806552
-4925.581291,400,1995.938927
-5565.766398,400,1996.612143
-793.887008,400,1997.397198
-782.888861,400,1997.941814
-783.393151,400,1998.496561
-686.486695,400,1999.041539
-974.883775,400,1999.592751
-5255.123874,400,2000.269862
-5547.700285,400,2000.947619
-5235.442238,400,2001.619239
-5402.927148,400,2003.759048
-5253.535608,400,2004.437717
-4721.43863,400,2005.14197
-5389.054282,400,2005.838329
-5646.054834,400,2006.51962
-5798.588582,400,2008.667435
-4981.850105,400,2009.356609
-5182.499379,400,2010.037389
-5131.214693,400,2010.714782
-5161.250421,400,2011.391958
-5596.382342,400,2013.557818
-5715.170463,400,2014.241475
-4905.137065,400,2014.944529
-4749.426425,400,2015.640628
-5480.211437,400,2016.323014
-5317.192212,400,2018.504439
-5309.423455,400,2019.192089
-4951.943577,400,2019.879062
-5354.287578,400,2020.560112
-5260.968929,400,2021.24605
-5496.61995,400,2023.402743
-5150.404977,400,2024.074146
-913.739355,400,2024.870066
-1131.247759,400,2025.414098
-716.704794,400,2025.957725
-811.035519,400,2026.511426
-1154.774811,400,2027.054636
-4958.086614,400,2027.72884
-4868.605453,400,2028.396467
-5069.071703,400,2029.063672
-4949.351231,400,2029.731004
-5478.229075,400,2031.849985
-5151.730282,400,2032.520715
-4968.590032,400,2033.1888
-5269.267644,400,2033.871031
-5311.967495,400,2034.548319
-4771.295972,400,2036.680256
-5180.623217,400,2037.344053
-4757.413015,400,2038.01251
-5403.382587,400,2038.684528
-4481.549382,400,2039.360413
-5068.749634,400,2041.494889
-5269.191747,400,2042.167931
-5597.288409,400,2042.846001
-5098.274617,400,2043.511986
-4980.807502,400,2044.184363
-5427.681151,400,2046.291974
-5013.086859,400,2046.968839
-5444.157477,400,2047.633928
-4533.681169,400,2048.313614
-4911.623717,400,2048.983246
-4932.380066,400,2051.098763
-1133.858267,400,2051.895353
-904.122486,400,2052.446472
-1156.110573,400,2053.013061
-1096.093032,400,2053.575404
-1135.407439,400,2054.121927
-4901.445924,400,2054.798743
-5078.448565,400,2055.46596
-5196.354845,400,2056.134341
-5198.129153,400,2056.80662
-4858.30523,400,2058.922593
-4195.812213,400,2059.608427
-5306.403181,400,2060.27687
-5191.083084,400,2060.944836
-5129.803888,400,2061.62149
-5126.972237,400,2063.757715
-5273.123241,400,2064.428873
-4918.090426,400,2065.095917
-4836.295187,400,2065.769419
-5036.154491,400,2066.436368
-4470.283813,400,2068.572997
-4757.6349,400,2069.264671
-4741.489178,400,2069.944806
-4896.775977,400,2070.620521
-3305.439349,400,2071.30919
-4958.419614,400,2071.986429
-5542.424605,400,2074.156384
-4662.655569,400,2074.834826
-4530.87931,400,2075.513996
-4727.888481,400,2076.212524
-4995.348302,400,2076.895394
-1199.750826,400,2077.703083
-1286.792168,400,2078.25743
-1687.892552,400,2078.839687
-1791.505863,400,2079.413435
-1911.219399,400,2080.001199
-4888.931658,400,2082.164829
-4953.055439,400,2082.85808
-4616.811944,400,2083.535953
-4647.671455,400,2084.214799
-4884.461963,400,2084.90782
-4980.786271,400,2087.115016
-4539.536604,400,2087.81103
-4638.525267,400,2088.495647
-4548.623787,400,2089.194666
-4687.431949,400,2089.881475
-4764.738453,400,2092.060247
-5027.612797,400,2092.747129
-4823.00072,400,2093.442925
-4905.055177,400,2094.148242
-5357.447613,400,2094.836633
-5015.624315,400,2097.0406
-4238.629527,400,2097.738061
-4995.450177,400,2098.443258
-4679.937481,400,2099.156462
-4324.806861,400,2099.859571
-4928.079998,400,2101.991592
-4454.714478,400,2102.678375
-4795.263793,400,2103.374943
-4634.286507,400,2104.068066
-4594.624153,400,2104.745365
-853.605851,400,2105.555757
-986.059554,400,2106.118715
-874.78257,400,2106.701777
-1525.973279,400,2107.293767
-772.067224,400,2107.851436
-4769.082872,400,2110.003598
-4681.09503,400,2110.676112
-4612.359677,400,2111.34681
-4524.798503,400,2112.043212
-4430.645268,400,2112.7153
-4925.386737,400,2114.838653
-4488.866115,400,2115.525128
-3951.819195,400,2116.208813
-4810.722653,400,2116.883
-4983.026068,400,2117.553407
-4684.027411,400,2119.682665
-3830.505012,400,2120.372994
-4893.415732,400,2121.055893
-4884.305615,400,2121.740525
-3807.210647,400,2122.450978
-4810.249711,400,2123.143009
-4604.097023,400,2125.293451
-4942.660088,400,2125.968718
-4634.396283,400,2126.65379
-4556.495665,400,2127.338533
-4299.596496,400,2128.014843
-4842.922937,400,2130.142236
-4481.513896,400,2130.817877
-3563.102819,400,2131.5016
-4714.311398,400,2132.173718
-1154.789013,400,2132.992795
-1967.910529,400,2133.57033
-1370.737208,400,2134.252133
-1210.650142,400,2134.815425
-1708.601628,400,2135.39049
-4356.113095,400,2136.067157
-4226.821948,400,2138.207978
-5070.450059,400,2138.888791
-4248.681025,400,2139.580573
-4567.324852,400,2140.2566
-5048.434164,400,2140.938005
-4821.434883,400,2143.06999
-4770.813956,400,2143.740078
-3846.994444,400,2144.427745
-4068.598472,400,2145.104305
-3574.168948,400,2145.785381
-4712.78004,400,2147.917338
-4396.860115,400,2148.599719
-4293.513361,400,2149.2832
-4425.675956,400,2149.9562
-4955.654472,400,2150.636537
-4509.304043,400,2152.772365
-4564.690503,400,2153.446465
-4347.366732,400,2154.118612
-4339.349988,400,2154.793367
-5345.60143,400,2155.477003
-4786.111747,400,2157.587624
-4278.883889,400,2158.289285
-4489.702226,400,2158.956896
-4605.965666,400,2159.63589
-1536.303658,400,2160.430188
-1755.497084,400,2160.986624
-1050.993232,400,2161.657056
-887.568278,400,2162.227809
-1030.174176,400,2162.800519
-5581.479945,400,2163.479527
-5018.419564,400,2165.625941
-4234.127691,400,2166.312053
-4081.331613,400,2167.016371
-4970.519217,400,2167.715166
-4952.831686,400,2168.397657
-4016.88559,400,2169.091031
-5159.081044,400,2171.241857
-4420.539843,400,2171.934585
-4537.128483,400,2172.633956
-4732.791538,400,2173.313569
-4180.39462,400,2173.999091
-4045.148776,400,2176.157476
-4161.682344,400,2176.84858
-4366.153295,400,2177.546392
-4675.464303,400,2178.235037
-5754.484064,400,2178.948015
-4781.778758,400,2181.121413
-4675.666885,400,2181.811223
-4513.363597,400,2182.494348
-4323.833524,400,2183.180065
-3907.376944,400,2183.868129
-4305.534819,400,2186.022727
-4009.035204,400,2186.718564
-4764.030403,400,2187.403163
-729.195933,400,2188.220359
298.56092,400,2188.800405
-661.27084,400,2189.379968
-575.938246,400,2189.958712
-1152.012599,400,2190.564961
-4754.552225,400,2191.253482
-4417.114504,400,2191.935309
-4353.215156,400,2194.096198
-5035.383005,400,2194.795163
-4638.484925,400,2195.474651
-4242.146911,400,2196.160997
-4547.467941,400,2196.838504
-3921.385131,400,2199.004383
-3932.498507,400,2199.700054
-5474.206669,400,2200.400938
-3619.830023,400,2201.091402
-4117.685287,400,2201.778538
-4922.654998,400,2203.952433
-4400.368816,400,2204.635258
-4783.383304,400,2205.315165
-4185.953304,400,2206.002776
-3931.526867,400,2206.690616
-4101.285664,400,2208.859501
-4918.509424,400,2209.5481
-4168.255621,400,2210.234885
-3961.793616,400,2210.92073
-4617.426746,400,2211.610794
-4427.882138,400,2212.305959
-4668.849833,400,2214.47873
-4283.906704,400,2215.17358
-137.113952,400,2215.997823
-928.6736,400,2216.590595
-654.160888,400,2217.175118
-1121.930803,400,2217.778213
-825.300232,400,2218.372224
-4816.336972,400,2219.079779
-4521.100428,400,2219.784893
-3547.908079,400,2220.487979
-3672.694419,400,2222.688532
-4418.005398,400,2223.421442
-4595.349011,400,2224.127435
-4097.569086,400,2224.822134
-4179.43534,400,2225.523094
-4990.65662,400,2227.715691
-4427.568995,400,2228.422961
-4285.972308,400,2229.115033
-4148.09804,400,2229.820756
-4630.543079,400,2230.506334
-3513.492486,400,2232.680738
-3619.050166,400,2233.358278
-4184.708668,400,2234.047901
-4243.875735,400,2234.746917
-4848.340982,400,2235.436626
-4690.382996,400,2237.625474
-4533.88184,400,2238.315199
-3953.901664,400,2239.005165
-4754.308262,400,2239.752795
-3792.286636,400,2240.44732
-3828.155774,400,2242.627555
-3968.236515,400,2243.324633
-660.665907,400,2244.141923
-798.896357,400,2244.727784
-2065.84466,400,2245.369915
-768.141606,400,2245.954086
-627.05366,400,2246.532137
-4914.60408,400,2247.232039
-4679.586544,400,2247.927178
-5126.671794,400,2248.641819
-4064.860589,400,2250.836214
-3910.017689,400,2251.533565
-4640.957616,400,2252.237039
-4031.132714,400,2252.937702
-3608.478773,400,2253.642025
-3296.534258,400,2255.828394
-4335.090242,400,2256.514647
-4569.254489,400,2257.204595
-3929.568983,400,2257.902367
-4324.662149,400,2258.606741
-4032.965862,400,2260.812299
-4226.500555,400,2261.515545
-3734.293102,400,2262.213608
-4177.597645,400,2262.91486
-4464.517513,400,2263.605211
-4356.154679,400,2264.295709
-3799.13198,400,2266.499637
-4994.599725,400,2267.201824
-4421.048314,400,2267.907515
-4292.791867,400,2268.607448
-3798.241136,400,2269.299801
-4700.346429,400,2271.491052
-1001.324244,400,2272.319169
-2563.032125,400,2272.983498
-735.55972,400,2273.590005
-1282.188267,400,2274.22431
394.585272,400,2274.81512
-4370.786017,400,2275.516303
-1485.510735,400,2276.254131
-4035.379613,400,2276.951496
-4060.634106,400,2277.646808
-4400.743417,400,2279.83042
-4634.343019,400,2280.600539
-4190.750013,400,2281.285304
-4388.765871,400,2281.970714
-4096.85483,400,2282.658497
-4279.895501,400,2284.845255
-3947.995119,400,2285.541726
-4231.768903,400,2286.242618
-3696.669072,400,2286.942772
-4183.339532,400,2287.636796
-4473.709993,400,2289.817425
-4299.203732,400,2290.504188
-4033.284785,400,2291.185953
-3959.648958,400,2291.889484
-4257.059583,400,2292.576908
-3798.323206,400,2294.757337
-3469.635094,400,2295.445894
-3934.143489,400,2296.139274
-4172.603409,400,2296.84012
-4485.862466,400,2297.517108
-4037.046514,400,2299.694652
-1918.649901,400,2300.530627
-1247.95283,400,2301.168831
-1915.23661,400,2301.770908
-1097.769941,400,2302.422027
-462.692291,400,2303.015701
-3897.874286,400,2303.722676
-4332.253566,400,2304.417529
-4631.352696,400,2305.112449
-2986.560642,400,2305.808157
-4603.574705,400,2307.99564
-4919.145814,400,2308.677467
-3866.370043,400,2309.356669
-4485.53506,400,2310.039165
-4722.026066,400,2310.708485
-3685.070995,400,2311.388635
-4832.085455,400,2313.551536
-3777.956287,400,2314.244366
-4567.960199,400,2314.941717
-5103.278593,400,2315.652094
-4902.699855,400,2316.333856
-3601.546464,400,2318.501537
-3967.26064,400,2319.198392
-3968.62745,400,2319.886544
-3862.654582,400,2320.582615
-3843.478338,400,2321.268654
-5561.414912,400,2323.495655
-3697.049224,400,2324.183604
-4003.799061,400,2324.874147
-4613.056873,400,2325.564007
-4866.477033,400,2326.254024
423.684985,400,2327.07546
-970.746969,400,2327.658929
-660.090036,400,2328.238266
-1441.477681,400,2328.891368
-1342.469449,400,2329.49977
-4028.164033,400,2331.704836
-3676.337253,400,2332.39814
-3168.383069,400,2333.091296
-3664.271618,400,2333.785704
-3800.414566,400,2334.478812
-4360.203474,400,2336.66434
-3506.908267,400,2337.349556
-4492.550921,400,2338.018322
-4337.8875,400,2338.697444
-3911.594756,400,2339.381946
-3645.851634,400,2341.52404
-3701.078839,400,2342.203577
-3872.551324,400,2342.878667
-3750.317424,400,2343.560774
-4374.947013,400,2344.231619
-4004.601495,400,2346.370158
-4298.616666,400,2347.048361
-3687.284987,400,2347.728412
-4307.970926,400,2348.400973
-3855.175007,400,2349.079333
-4250.914902,400,2351.21032
-3497.441399,400,2351.899635
-4763.965832,400,2352.574351
-3984.122138,400,2353.263839
-4128.726493,400,2353.939991
139.901797,400,2354.840765
-519.263393,400,2355.406422
-1131.444205,400,2356.038585
-970.227724,400,2356.673439
-805.492354,400,2357.277865
-4502.548553,400,2357.952893
-4800.47889,400,2360.106352
-3943.28684,400,2360.79381
-3657.473619,400,2361.468672
-4310.265381,400,2362.147439
-3895.393616,400,2362.821901
-3498.671562,400,2364.983919
-3542.19468,400,2365.680339
-3921.124479,400,2366.374725
-3719.616643,400,2367.068313
-1502.587355,400,2367.764501
-4287.674695,400,2369.954945
-3558.658996,400,2370.656166
-3820.797095,400,2371.349648
-3709.529446,400,2372.039384
-3701.771027,400,2372.740803
-4011.594112,400,2374.936069
-3834.090189,400,2375.638734
-3614.522784,400,2376.33739
-3573.803908,400,2377.046199
-4762.118244,400,2377.732696
-4183.226001,400,2379.919277
-4429.240142,400,2380.619263
-4614.614178,400,2381.387339
-3472.58024,400,2382.076813
-475.332307,400,2382.981329
-768.548448,400,2383.618758
-1268.585144,400,2384.297097
-1123.909747,400,2384.855658
-630.723542,400,2385.431266
-4205.462757,400,2386.143051
-4100.317037,400,2388.328721
-4657.795833,400,2389.050447
-3772.185781,400,2389.74442
-4484.341237,400,2390.431973
-4306.94083,400,2391.123071
-3625.650017,400,2393.289184
-4764.020009,400,2393.980924
-3239.477709,400,2394.66287
-4752.924466,400,2395.339136
-3759.385816,400,2396.015523
-3985.688206,400,2398.163074
-3850.26024,400,2398.864445
-3794.056298,400,2399.575206
-3161.234553,400,2400.268253
-3470.931153,400,2400.962636
-4177.699922,400,2403.143383
-3494.921501,400,2403.839767
-3923.81121,400,2404.533021
-3541.571043,400,2405.224658
-3888.525461,400,2405.922328
-4049.124952,400,2406.613127
-3406.319842,400,2408.802591
-4638.779875,400,2409.57628
-3518.777119,400,2410.27109
-1551.18982,400,2411.152929
-588.216356,400,2411.750562
-885.706366,400,2412.327468
-1167.032365,400,2412.924075
-1074.410011,400,2413.512542
-3751.89299,400,2414.217546
-4090.610345,400,2414.912086
-3823.318964,400,2417.076787
-3356.914656,400,2417.756393
-3941.375212,400,2418.437204
-4285.906614,400,2419.128459
-3372.37138,400,2419.808954
-3792.470297,400,2421.961159
-4642.854049,400,2422.649701
-3469.679505,400,2423.334995
-4179.918095,400,2424.012122
-3067.245501,400,2424.696887
-3681.281943,400,2426.855473
-3678.439803,400,2427.531416
-3036.983443,400,2428.210378
-3943.106344,400,2428.888769
-3325.355146,400,2429.575248
-4016.448846,400,2431.701353
-3655.621361,400,2432.374966
-3437.106041,400,2433.066987
-4831.262159,400,2433.79006
-3612.277164,400,2434.482757
-3263.150953,400,2436.638805
-2885.109402,400,2437.336066
-3382.97765,400,2438.013144
-696.305845,400,2438.874032
-595.108918,400,2439.518199
-690.687385,400,2440.157454
-566.323111,400,2440.739212
-649.750014,400,2441.323649
-3746.210243,400,2442.005675
-3705.467932,400,2442.684725
-3351.204691,400,2444.845904
-3322.777038,400,2445.536067
-3694.701201,400,2446.222899
-4536.326546,400,2446.909128
-2397.07743,400,2447.608568
-4236.308744,400,2449.792345
-3403.118854,400,2450.521992
-3034.912373,400,2451.224771
-594.377829,400,2451.909061
-2707.663838,400,2452.600976
-4113.036422,400,2453.287032
-3650.300465,400,2455.452471
-4608.763903,400,2456.133312
-3010.818653,400,2456.814096
-3640.099765,400,2457.500315
-3184.206617,400,2458.187314
-3544.906913,400,2460.35418
-2358.159597,400,2461.050832
-3466.145562,400,2461.75075
-4686.748584,400,2462.527326
-3835.646922,400,2463.223545
-4404.710183,400,2465.413918
-3187.262098,400,2466.104288
-533.840199,400,2466.919491
-404.648481,400,2467.50063
-540.102239,400,2468.076148
-399.564004,400,2468.707432
-475.066818,400,2469.345805
-3658.957594,400,2470.041579
-4332.073323,400,2470.726394
-1990.918127,400,2471.42015
-3517.571838,400,2473.611154
-3537.408993,400,2474.316145
-3298.06989,400,2475.006118
-3336.420724,400,2475.697966
-2393.042582,400,2476.387723
-3312.916974,400,2478.562472
-3849.927341,400,2479.271639
-3846.301988,400,2479.956632
-3716.821783,400,2480.631558
-3429.988058,400,2481.310064
-3286.188616,400,2483.453717
-4182.542109,400,2484.126616
-2784.131737,400,2484.809607
-4344.867552,400,2485.523924
-3528.92301,400,2486.198755
-4015.616226,400,2488.349712
-2937.746766,400,2489.04071
-3587.75774,400,2489.727525
-3350.733076,400,2490.419986
-3789.733541,400,2491.114926
-3102.614637,400,2493.36832
-4020.858585,400,2494.044719
-872.721803,400,2494.894476
-404.034309,400,2495.468245
-737.797244,400,2496.046984
-423.985658,400,2496.629797
-418.27988,400,2497.194386
-3242.960206,400,2497.871345
-3224.730643,400,2498.563384
-3268.517193,400,2499.242335
-2991.214777,400,2499.920533
-3434.801429,400,2502.090511
-3450.102775,400,2502.793431
-3063.18106,400,2503.479049
-3796.42188,400,2504.167801
-3661.979813,400,2504.870877
-3269.989026,400,2507.041706
-3106.33014,400,2507.737914
-3720.933865,400,2508.422676
-2915.043583,400,2509.102441
-3082.028654,400,2509.782148
-3178.06607,400,2511.926869
-4391.558812,400,2512.600559
-3510.445111,400,2513.278766
-3865.42395,400,2513.950763
-3122.408813,400,2514.624195
-2916.89572,400,2516.75431
-3845.261734,400,2517.430547
-3273.171101,400,2518.103635
-3021.090498,400,2518.779413
-3098.970292,400,2519.454634
-3475.525825,400,2521.574137
-490.515231,400,2522.39165
-459.950423,400,2522.954717
-375.956275,400,2523.524864
-559.426184,400,2524.098721
-457.866176,400,2524.660192
-1947.536149,400,2525.335703
-3643.095902,400,2526.014452
-3580.82262,400,2526.691225
-3513.005393,400,2527.37024
-3561.830669,400,2529.497354
-3759.082914,400,2530.181745
-2989.445452,400,2530.85865
-3465.445064,400,2531.536
-3413.489705,400,2532.214074
-2050.884489,400,2534.346227
-3556.239476,400,2535.024853
-3375.845151,400,2535.712762
-3424.582575,400,2536.389683
-3208.17837,400,2537.063391
-3844.146821,400,2539.198061
-3527.769261,400,2539.882219
-3209.561359,400,2540.562071
-3060.92367,400,2541.241161
-2869.041071,400,2541.92249
-3303.26153,400,2544.058932
-3053.004396,400,2544.750692
-3484.486227,400,2545.440311
-3126.051601,400,2546.128399
-4185.675706,400,2546.815562
-3320.051828,400,2547.505852
-456.047505,400,2548.314515
-482.018434,400,2548.884026
-612.101442,400,2549.467634
-693.970709,400,2550.045561
-530.067328,400,2550.629363
-3203.168576,400,2552.823687
-3367.661325,400,2553.51073
-3251.387037,400,2554.203113
-3503.530619,400,2554.900116
-3715.145917,400,2555.597134
-3909.391031,400,2557.803071
-4098.942794,400,2558.498819
-2919.81565,400,2559.190075
-3275.251515,400,2559.883522
-3230.362813,400,2560.580155
-2900.848772,400,2562.72423
-3108.731824,400,2563.40541
-3550.133459,400,2564.09421
-3764.207353,400,2564.766859
-3009.582557,400,2565.446828
-3384.55611,400,2567.583472
-3055.751282,400,2568.26687
-3517.945036,400,2568.956352
-3558.44405,400,2569.634763
-3589.943141,400,2570.314663
-3369.388154,400,2572.449156
-2972.027467,400,2573.142292
-3199.036798,400,2573.820753
-3362.503093,400,2574.500858
-2998.231634,400,2575.17883
-410.769247,400,2575.981121
-641.333782,400,2576.540676
-430.783847,400,2577.117807
-707.787123,400,2577.680959
-412.665031,400,2578.256262
-3591.016075,400,2580.397139
-3199.837907,400,2581.074375
-3452.895333,400,2581.756635
-3772.626189,400,2582.434675
-4012.296842,400,2583.106602
-2934.163609,400,2585.24726
-3254.095017,400,2585.929215
-2949.567996,400,2586.612622
-3506.091628,400,2587.292191
-2912.204718,400,2587.975076
-4006.532557,400,2590.106499
-3437.67909,400,2590.790736
-4466.850127,400,2591.467535
-1969.273148,400,2592.144505
-3425.143631,400,2592.825759
-2944.927839,400,2593.501368
-3184.323087,400,2595.640184
-4011.010479,400,2596.306444
-3260.95697,400,2596.980753
-3095.212098,400,2597.646641
-3421.152315,400,2598.322479
-2867.29552,400,2600.455542
-3318.285297,400,2601.137532
-3108.204359,400,2601.814244
-3428.445605,400,2602.489679
-522.626898,400,2603.296137
-389.014532,400,2603.862498
-455.132563,400,2604.425013
-432.004822,400,2604.984733
-364.452708,400,2605.56231
-3073.173033,400,2606.252058
-3487.517092,400,2608.392635
-3976.045724,400,2609.063709
-3857.870479,400,2609.757889
-2968.369376,400,2610.430782
-3736.55438,400,2611.111951
-263.146638,400,2613.240504
-4232.320652,400,2613.921649
-3131.665604,400,2614.594336
-3280.394952,400,2615.275014
-3295.388551,400,2615.948375
-2178.449512,400,2618.077321
-2293.145229,400,2618.764718
-2916.817815,400,2619.448666
-3489.738357,400,2620.126106
-3170.998604,400,2620.805384
-2718.760765,400,2622.929892
-3329.442674,400,2623.608843
-3482.409386,400,2624.286878
-3007.382634,400,2624.964475
-2754.578623,400,2625.644261
-3178.600527,400,2627.758749
-3350.670465,400,2628.442414
-3364.984306,400,2629.118515
-3598.477296,400,2629.79603
-490.638174,400,2630.607944
-492.078488,400,2631.166503
-687.556854,400,2631.805522
-525.571376,400,2632.372182
1336.85747,400,2632.929487
-3321.60907,400,2633.603458
-3560.320638,400,2635.764076
-2728.157728,400,2636.455693
-2897.502205,400,2637.139691
-2879.066128,400,2637.832919
-3330.252051,400,2638.517392
-2034.050939,400,2639.205367
-2679.798602,400,2641.376318
-2893.243799,400,2642.077124
-3785.343608,400,2642.761752
-3262.051321,400,2643.454782
-3072.571835,400,2644.143907
-3137.528752,400,2646.322564
-2710.557511,400,2647.016621
-2984.252061,400,2647.705078
-3250.949192,400,2648.393304
-3257.341312,400,2649.080967
-3817.89825,400,2651.244949
-3741.177932,400,2651.928539
-2823.722737,400,2652.619043
-2481.400178,400,2653.304289
-3603.660364,400,2653.987333
-3149.274085,400,2656.152084
-4062.175101,400,2656.856901
-2767.279003,400,2657.540682
-748.341046,400,2658.356804
-664.773103,400,2658.933303
-543.002218,400,2659.516496
963.307393,400,2660.095052
-788.409816,400,2660.672884
-1373.034773,400,2661.372296
-2559.675441,400,2662.066104
-2831.343897,400,2664.239366
-3872.596473,400,2664.931074
-2946.902183,400,2665.623798
-2799.85057,400,2666.324259
-3414.995188,400,2667.012608
-2733.079175,400,2669.188949
-3307.719716,400,2669.864973
-2571.857244,400,2670.542565
-2715.385136,400,2671.215725
-2978.504858,400,2671.892395
-1579.087245,400,2674.031275
-1398.195078,400,2674.731449
-3982.588528,400,2675.442452
-3396.31286,400,2676.139611
-3625.433971,400,2676.850139
-2285.784117,400,2679.049453
-2762.125669,400,2679.750406
-2892.58312,400,2680.44887
-2782.599032,400,2681.135348
-3374.222751,400,2681.845371
-2656.580759,400,2684.033478
-1822.730031,400,2684.723931
-2771.929042,400,2685.400574
-529.948084,400,2686.204639
1401.932831,400,2686.773768
686.580505,400,2687.345007
-443.713425,400,2687.907876
-846.888156,400,2688.478791
-2897.306161,400,2689.163169
-2469.664785,400,2689.834984
-2922.833585,400,2690.508244
-2914.277666,400,2692.677828
-3001.98156,400,2693.368572
-2977.397656,400,2694.065753
-3556.605198,400,2694.77841
-3060.326443,400,2695.480968
-1044.093024,400,2697.657331
-2001.671278,400,2698.340812
-1972.336035,400,2699.01698
-2795.169588,400,2699.693937
-4198.102551,400,2700.370214
-2239.960344,400,2702.513568
-1491.881008,400,2703.188747
-3051.171233,400,2703.868866
-3121.656033,400,2704.542012
-2650.313086,400,2705.218682
-1957.469245,400,2707.35868
-3580.388302,400,2708.057235
-3401.961173,400,2708.734261
-2760.106895,400,2709.412544
-2798.497382,400,2710.087808
-2813.535403,400,2712.220636
-3133.977751,400,2712.911172
-663.529461,400,2713.725988
-474.038751,400,2714.286788
-750.154137,400,2714.8632
-482.915259,400,2715.430806
-493.861493,400,2715.994875
-2980.604867,400,2716.683252
-3242.512347,400,2717.362713
-2633.221478,400,2718.037309
