#{"t_start": 1612260142.513521, "env_id": "TargetReachingUR5-v0"}
r,l,t
-1737.551008,400,2.415731
-3595.769751,400,3.197519
-3430.271088,400,3.970001
-3978.711894,400,4.738826
-1906.41009,400,5.508062
-2515.623498,400,7.817705
-3964.195439,400,8.60983
-1208.047401,400,9.403482
-3967.386654,400,10.19462
-1799.857175,400,10.98373
-4539.727075,400,13.257818
-1422.601499,400,14.043797
-3484.344361,400,14.832276
-1538.943039,400,15.624838
-1476.800679,400,16.417897
-982.363282,400,18.674221
-2924.690087,400,19.453234
-2523.289102,400,20.235229
-2250.843978,400,21.022249
-4584.939698,400,21.807467
-2110.146117,400,24.064704
-3418.501849,400,24.858588
-106.248748,400,25.655715
-3512.97394,400,26.448457
-1369.433997,400,27.24025
-743.47074,400,28.143494
-352.083811,400,28.79973
-781.409373,400,29.461549
-352.902984,400,30.118308
-1017.264238,400,30.77966
-5490.802733,400,33.050423
-2669.550964,400,33.834687
-7861.852163,400,34.617907
-2142.3824,400,35.404721
-1078.069125,400,36.192414
-2345.704499,400,38.426192
-2026.112333,400,39.198855
-1145.31543,400,39.972227
-8481.762595,400,40.743463
-1599.938493,400,41.514254
-3137.876902,400,43.73171
-2952.757823,400,44.51027
-1390.338557,400,45.286886
-1248.288898,400,46.064773
-1139.369418,400,46.839718
-1502.207229,400,49.032448
-2452.130496,400,49.808928
-1758.139079,400,50.59144
-7028.372634,400,51.365397
-7240.535081,400,52.145344
-2742.946258,400,52.92768
-3964.936195,400,55.167322
-1238.404753,400,55.940495
-4812.506172,400,56.720718
-1478.992284,400,57.493588
-453.592188,400,58.380621
-1744.05644,400,59.035339
-464.437456,400,59.682193
1128.687227,400,60.337428
-1765.726344,400,60.990879
-3226.575399,400,61.773868
-1687.158048,400,63.984488
-3897.380652,400,64.755695
-1653.237533,400,65.529633
-2444.33969,400,66.303608
-4404.944001,400,67.077664
-9775.375224,400,69.280984
-6594.305018,400,70.054967
-2260.348122,400,70.831966
-1431.320259,400,71.608283
-2658.999121,400,72.386237
-4878.77809,400,74.64916
-2083.735875,400,75.447216
-1295.523554,400,76.245986
-1540.115275,400,77.039248
-1684.557745,400,77.833673
-1128.605694,400,80.063497
-1356.852692,400,80.851457
-1699.571172,400,81.633261
-1000.890936,400,82.41998
-10985.411764,400,83.210643
-1182.060645,400,85.48848
-1309.036791,400,86.282527
-1124.240752,400,87.07609
-1392.741136,400,87.872904
-969.172294,400,88.781003
-823.538967,400,89.446198
-1756.808984,400,90.112755
-549.913156,400,90.775908
-1290.379164,400,91.441464
-1475.439916,400,92.235669
-3120.400429,400,94.449746
-1591.505918,400,95.226656
-2988.65218,400,95.999269
-3546.250408,400,96.769107
-1229.04097,400,97.548132
-1487.795417,400,99.737884
-1349.966373,400,100.509368
-1350.995193,400,101.277336
-1325.250013,400,102.048668
-1147.149455,400,102.822356
-1192.816869,400,103.600576
-1308.566285,400,105.784135
-3918.890363,400,106.559705
-1410.02624,400,107.333733
-3642.20282,400,108.110587
-7963.87326,400,108.883033
-1184.524316,400,111.116995
-1457.542635,400,111.889354
-3648.281562,400,112.664785
-7491.264543,400,113.438465
-8473.91948,400,114.22049
-1209.212062,400,116.486892
-1501.636664,400,117.274247
-1637.826987,400,118.06346
-1601.326462,400,118.966996
-1376.675723,400,119.629116
-668.40864,400,120.28733
-1063.607906,400,120.948833
-1679.975954,400,121.613595
-4063.315251,400,122.407227
-1477.508415,400,123.197753
-5439.046775,400,125.445601
-1434.424332,400,126.221771
-3920.415027,400,127.003505
-2321.544455,400,127.776928
-919.221607,400,128.549021
-3710.808789,400,130.769602
-1342.695049,400,131.557241
-1555.419891,400,132.345644
-3941.338353,400,133.147513
-1177.423567,400,133.928844
-1550.955914,400,136.130502
-1973.852256,400,136.901339
-1634.536299,400,137.674772
-1566.735606,400,138.444911
-2827.710258,400,139.220368
-7591.78032,400,141.428161
-2534.443165,400,142.201832
-7061.590373,400,142.975053
-2120.487724,400,143.751995
-1428.993389,400,144.526018
-1825.984834,400,146.729888
-1501.440496,400,147.505444
-1714.090835,400,148.28658
-2072.498463,400,149.180004
-840.819905,400,149.835487
-1865.22951,400,150.488393
-415.842248,400,151.148262
-2037.606933,400,151.799913
-2232.380638,400,152.584989
-2002.138192,400,153.358833
-1634.576887,400,154.132415
-3946.922032,400,156.331793
-970.204063,400,157.105614
-1614.326147,400,157.880374
-1288.052382,400,158.653794
-1448.4761,400,159.429239
-1622.229894,400,161.620513
-1019.785733,400,162.393161
-3780.069719,400,163.16911
-1558.899371,400,163.938036
-2056.172793,400,164.709427
-1853.226745,400,166.896561
-5562.471612,400,167.673298
-2326.169917,400,168.454019
-1851.388151,400,169.228169
-1488.881969,400,170.003686
-1016.478484,400,172.213628
-1220.935605,400,173.004504
-1702.611414,400,173.790186
-3465.208731,400,174.574828
-4208.205168,400,175.364219
-4609.3987,400,177.601546
-4500.845068,400,178.39727
-3468.78815,400,179.302024
-1817.149714,400,179.968216
-1607.402991,400,180.638559
-2246.484658,400,181.306505
-3006.885973,400,181.973972
-2285.786748,400,182.770096
-1684.497988,400,183.568399
-1295.103669,400,184.363743
-4499.600062,400,186.60335
-1320.625712,400,187.379078
-6374.982037,400,188.155224
-3557.951706,400,188.932047
-3112.374867,400,189.704116
-1355.193264,400,191.927696
-1524.357206,400,192.706922
-1243.493819,400,193.481002
-3897.52845,400,194.259673
-4559.403912,400,195.034352
-1715.487149,400,197.251252
-5534.511427,400,198.037525
-5458.488648,400,198.826753
-1296.219175,400,199.612536
-1018.214716,400,200.394194
-1455.243282,400,202.618215
-1118.536382,400,203.389518
-3084.187787,400,204.170175
-4708.914278,400,204.950273
-1806.746214,400,205.72284
-1643.366174,400,206.496195
-3510.040556,400,208.689507
-3823.76899,400,209.585877
-1494.738177,400,210.244395
-1976.474003,400,210.896188
-2351.278526,400,211.547656
-2899.418593,400,212.200994
-1492.713422,400,212.98485
-1900.106025,400,213.76039
-2073.261647,400,214.532225
-1861.13714,400,215.310014
-1048.168837,400,217.513332
-1484.086746,400,218.284601
-1655.337518,400,219.05914
-2718.59211,400,219.834396
-1203.195365,400,220.60657
-1353.468087,400,222.805249
-1313.601119,400,223.576147
-2622.98112,400,224.351395
-2002.079388,400,225.122758
-922.260737,400,225.89433
-1575.465726,400,228.081733
-1834.845675,400,228.864784
-1284.069719,400,229.636951
-4884.831036,400,230.413661
-1291.637731,400,231.186941
-1023.885817,400,233.404696
-1851.076636,400,234.19633
-2167.992583,400,234.990756
-1194.841549,400,235.780678
-1770.272114,400,236.570935
-1112.600283,400,238.782882
-1295.159723,400,239.674653
-680.635336,400,240.333735
-426.00485,400,240.993958
-1484.608374,400,241.643509
-969.543581,400,242.304222
-2746.445891,400,243.083769
-1058.591556,400,243.858469
-3684.421691,400,244.629996
-1112.172491,400,245.401489
-1113.672811,400,247.590837
-1401.372511,400,248.359433
-1510.793573,400,249.130625
-2150.126361,400,249.902544
-1209.72686,400,250.674184
-3360.456949,400,252.87415
-1089.190727,400,253.654352
-1265.704437,400,254.426049
-1761.791447,400,255.198864
-1827.514592,400,255.980068
-1588.53591,400,256.761487
-1733.828933,400,258.960614
-2535.583354,400,259.733954
-1517.681686,400,260.508972
-3058.088142,400,261.286053
-3304.598254,400,262.059244
-1056.446617,400,264.254415
-1137.722278,400,265.027492
-2504.488398,400,265.794991
-2215.982225,400,266.566185
-1400.800817,400,267.336859
-409.9886,400,268.22666
-653.398622,400,268.884761
-1076.575505,400,269.535684
-532.738099,400,270.1817
-1162.822834,400,270.830304
-5409.943191,400,273.029263
-1479.188418,400,273.80136
-3646.346107,400,274.57322
-1699.455125,400,275.346017
-2127.749444,400,276.120288
-2384.853546,400,278.339274
-1708.433413,400,279.128419
-1371.887265,400,279.916511
1148.020353,400,280.696522
-2291.472749,400,281.478497
-5330.261942,400,283.74911
-1416.154357,400,284.54628
-1613.623661,400,285.325175
-2274.994272,400,286.154364
-1265.334249,400,286.941042
-1874.580044,400,289.104374
-1533.094264,400,289.875066
-1338.563299,400,290.639773
-946.754151,400,291.400109
-973.462117,400,292.161888
-1147.500745,400,294.3217
-2680.112232,400,295.081196
-1417.101803,400,295.848582
-1212.207857,400,296.607463
-1156.442162,400,297.368803
-991.986995,400,298.240375
-1877.979159,400,298.879618
-1885.677985,400,299.517288
-2130.799953,400,300.156689
-2124.541007,400,300.800549
-1032.419859,400,302.971285
-2640.946947,400,303.734889
-3678.29157,400,304.502514
-1036.438766,400,305.26218
-1687.362587,400,306.023612
-1207.929624,400,306.782578
-1668.488979,400,308.946143
-987.118276,400,309.706006
-2011.840881,400,310.471501
-1019.132848,400,311.234297
-1333.64884,400,311.998305
-3686.534712,400,314.173046
-1347.710173,400,314.942756
-3548.166491,400,315.716548
-1328.965734,400,316.487619
-1634.919592,400,317.260922
-5265.591906,400,319.458869
-1271.151603,400,320.216385
-776.785801,400,320.974329
-1086.223855,400,321.730852
-1534.777523,400,322.492619
-2481.424438,400,324.658589
-1015.038709,400,325.415614
-1351.308701,400,326.178072
-2363.10385,400,326.944358
-2970.413929,400,327.817961
-1895.481704,400,328.459297
-2559.934554,400,329.100143
-2393.930257,400,329.737309
-2700.313813,400,330.377587
-2493.043637,400,331.139171
-1534.94395,400,333.30536
-2198.239108,400,334.068993
-765.385212,400,334.834558
-955.377465,400,335.597032
-3010.185085,400,336.364946
-932.672272,400,338.530337
-1414.374339,400,339.291641
-1313.083296,400,340.054773
-1749.847635,400,340.818964
-4780.147258,400,341.58692
-1024.743089,400,343.778714
-2874.034748,400,344.541837
-1139.008268,400,345.303657
-3529.825142,400,346.063469
-1931.248058,400,346.833173
-1330.442102,400,349.009789
-1399.733965,400,349.781725
-1376.947801,400,350.556457
-1614.598364,400,351.327629
-1147.567867,400,352.096436
-1843.759265,400,354.293208
-954.606731,400,355.059873
-4089.156022,400,355.830129
-1967.199236,400,356.603826
-3157.135958,400,357.487941
-2816.968799,400,358.136181
-2721.949126,400,358.781306
-2274.667373,400,359.430598
-2798.074593,400,360.078673
-1374.61324,400,360.863172
-2681.312269,400,361.640562
-2558.60143,400,363.853168
-4870.881975,400,364.624333
-1213.461443,400,365.39679
-1385.418613,400,366.171267
-3561.653336,400,366.944114
-1238.195616,400,369.140794
-1072.169179,400,369.917225
-1109.887019,400,370.688963
-1137.301029,400,371.458489
-1366.644797,400,372.230283
-1298.048356,400,374.434705
-4501.278214,400,375.208655
-3163.847595,400,375.980125
-961.003909,400,376.751264
-3378.746437,400,377.525579
-1383.362524,400,379.742572
6154.462178,400,380.511164
-1081.604691,400,381.284333
-3834.763236,400,382.059987
-1000.291222,400,382.833294
-1147.390633,400,385.07253
-1672.625094,400,385.851653
-1162.532072,400,386.634294
-2889.696646,400,387.5334
-2092.497983,400,388.190085
-2178.145741,400,388.847466
-2066.641226,400,389.5075
-2196.401759,400,390.166037
-3158.746134,400,390.947695
-1151.711985,400,391.724916
-1191.005849,400,393.928038
-980.840893,400,394.685899
-2975.751701,400,395.449455
-1770.338501,400,396.208012
-1114.488128,400,396.969127
-1527.94704,400,399.136361
-1014.302754,400,399.896564
-6831.468635,400,400.660266
-972.457734,400,401.418149
-1472.930512,400,402.176218
-1290.457842,400,404.358122
-1172.798409,400,405.119985
-1276.517066,400,405.877563
-952.697613,400,406.637103
-1153.721258,400,407.396349
-2287.347358,400,408.158831
-1298.623102,400,410.325193
-1772.686067,400,411.085674
-849.349456,400,411.84341
-1237.30216,400,412.60241
-4305.567287,400,413.368638
-1142.866266,400,415.524383
-3897.506121,400,416.286248
-2128.444524,400,417.168675
-1528.236946,400,417.814555
-1649.607815,400,418.458083
-3907.934626,400,419.107535
-4573.346807,400,419.755682
-584.174936,400,420.519437
-1136.624469,400,421.278875
-1843.705315,400,422.035317
-1295.330556,400,424.211251
-1358.393568,400,424.99138
-2728.310673,400,425.767314
-1121.289275,400,426.537773
2201.291082,400,427.306849
-930.213034,400,429.496135
-1011.482204,400,430.257754
-1693.534667,400,431.02235
-1760.818855,400,431.785163
-1138.170082,400,432.544808
-1608.812875,400,434.721289
-1199.44506,400,435.492024
-1591.607914,400,436.263902
-1384.139233,400,437.03879
-1056.211014,400,437.80693
-1435.455542,400,440.001734
-1270.153637,400,440.774073
-1336.955113,400,441.546986
-932.047283,400,442.318274
-3247.89687,400,443.094934
-1208.281472,400,445.296758
-5315.680379,400,446.079089
-1587.953827,400,446.986405
-1822.7564,400,447.649519
-2023.824631,400,448.307645
-1861.445751,400,448.965997
-1649.849008,400,449.627176
-2720.448387,400,450.411775
-1618.091058,400,451.189826
-1231.692123,400,451.968368
-1178.280707,400,454.200819
1353.494847,400,454.982105
-937.466607,400,455.757828
-4525.813457,400,456.536235
-2079.215036,400,457.317439
-914.160576,400,458.093251
-1153.229738,400,460.325131
-2657.585876,400,461.10666
-3139.435316,400,461.879931
-957.560761,400,462.645671
-2077.118004,400,463.417076
-1127.656629,400,465.621003
-1032.633935,400,466.387377
-1168.989881,400,467.159168
-1054.92508,400,467.924326
-2099.894817,400,468.69458
-1523.524062,400,470.88845
-1404.645388,400,471.659239
2011.300179,400,472.425751
-1668.308735,400,473.192974
2226.620317,400,473.959837
-1141.963528,400,476.182719
-1503.501063,400,477.079091
-1971.813235,400,477.731157
-2499.040423,400,478.379257
-4140.214026,400,479.036244
-2532.130747,400,479.694767
-984.092548,400,480.468428
-1347.628435,400,481.243993
-1068.184407,400,482.014688
-3221.27868,400,482.787203
-2843.131523,400,484.97158
-1146.512744,400,485.729849
-1040.351454,400,486.487154
-3681.850469,400,487.252787
-945.729261,400,488.011069
-1044.945351,400,490.174471
-1932.238157,400,490.933249
-1249.5418,400,491.692377
-1290.161444,400,492.453481
-1186.849416,400,493.211044
-1466.280088,400,495.371372
-1080.506487,400,496.129083
-3548.034849,400,496.888733
-2792.616114,400,497.644702
-2647.299683,400,498.404527
-948.150223,400,500.561231
-1421.803987,400,501.319891
-1465.135887,400,502.081585
-1460.185167,400,502.842002
-688.146691,400,503.60136
-998.650494,400,505.769543
-2667.662454,400,506.647948
-3636.931079,400,507.291598
-2125.532147,400,507.932428
-3483.661381,400,508.573774
-4145.853662,400,509.221472
-1357.91225,400,509.985114
-1093.018106,400,510.739227
-1374.515493,400,511.497392
-1226.777804,400,512.260709
-1247.910109,400,513.018231
-1411.773165,400,515.180461
-2851.51663,400,515.941616
-1078.315591,400,516.697842
-992.937936,400,517.457193
-1297.115731,400,518.2137
-996.711763,400,520.376323
-1176.071718,400,521.145038
49.885273,400,521.906441
-1449.287309,400,522.667231
-1098.859198,400,523.426913
6122.273211,400,525.60171
-1933.511307,400,526.369088
-959.609602,400,527.129566
-1118.186253,400,527.890837
-1768.734892,400,528.650838
-1121.085032,400,530.851817
-1082.895732,400,531.610232
-1075.750455,400,532.373024
-1016.311507,400,533.134558
-1673.441233,400,533.898674
-2751.871933,400,534.781865
-3470.981832,400,535.429812
-3257.649073,400,536.078619
-4206.080818,400,536.724404
-3927.097257,400,537.368753
255.465392,400,539.543007
-1080.971575,400,540.32363
-1209.674596,400,541.098207
-1155.649208,400,541.873628
-1186.590687,400,542.653597
-1291.295836,400,544.866838
-1427.800532,400,545.639017
-1178.454421,400,546.412259
-1575.522911,400,547.184388
-1164.027105,400,547.954264
-1356.524268,400,550.155859
-1037.581911,400,550.912787
-2164.439941,400,551.67518
-1094.093633,400,552.432675
-1027.48114,400,553.192942
-1547.8387,400,555.365451
-884.914269,400,556.128337
-993.2335,400,556.888024
-1010.574254,400,557.650002
-1035.900927,400,558.409704
-1008.573786,400,559.169931
-952.501543,400,561.336658
-925.867222,400,562.094524
-1009.562611,400,562.850689
-999.345832,400,563.609078
-1190.820114,400,564.499929
-643.647766,400,565.136014
-3449.262105,400,565.776685
-525.974696,400,566.436755
-2862.091047,400,567.078933
-1019.063657,400,567.851928
-1256.371844,400,570.014347
-3555.94244,400,570.777648
-1116.610677,400,571.542789
-2133.110861,400,572.305281
-1245.654686,400,573.066014
-983.635787,400,575.25423
-1072.860058,400,576.037139
-1050.140267,400,576.81392
119.465308,400,577.600519
-2725.986643,400,578.378388
-1092.114477,400,580.605294
-1669.272007,400,581.385105
-237.426099,400,582.161645
-1015.438187,400,582.939873
-1162.553155,400,583.71784
-1054.34005,400,585.949224
-996.590627,400,586.73537
-3792.901101,400,587.527158
-997.516013,400,588.308647
-1259.321464,400,589.085988
-993.994152,400,591.305056
-1246.130845,400,592.081076
-2703.493158,400,592.855709
-1048.368145,400,593.626551
1311.564095,400,594.523939
-639.875922,400,595.174232
-776.192134,400,595.834532
-1963.652781,400,596.493756
-1189.391693,400,597.15493
-1148.889644,400,597.933276
-910.59536,400,600.110706
-2558.06181,400,600.877717
3835.844459,400,601.63762
-1088.318976,400,602.396014
-1022.883555,400,603.155658
-1095.545408,400,605.330245
1670.478166,400,606.08828
-1010.776897,400,606.848434
-911.304557,400,607.604443
-1898.972845,400,608.370628
578.364942,400,609.12821
-3319.153554,400,611.304306
-1001.88792,400,612.06153
-990.478937,400,612.826516
-995.059283,400,613.591769
-7381.269958,400,614.359963
-932.216881,400,616.555758
-275.231243,400,617.316993
-1025.877686,400,618.075846
-891.156377,400,618.833941
-1790.601544,400,619.592595
-1046.241933,400,621.77791
7222.176378,400,622.548568
-1413.482916,400,623.320056
-2073.71868,400,624.217039
-1289.376985,400,624.870362
-2478.230887,400,625.531051
-1377.737887,400,626.191572
-1427.15959,400,626.845885
-1147.274222,400,627.62504
1619.861949,400,628.393729
-1322.581945,400,630.636746
-1048.507508,400,631.410083
-958.978818,400,632.191317
-1123.86563,400,632.959957
-979.895874,400,633.729188
-1021.567222,400,635.927196
-1927.776857,400,636.703306
-1120.164849,400,637.473741
-901.704863,400,638.243794
-4664.017416,400,639.015191
-961.543373,400,641.220048
-2966.229159,400,641.985074
-1532.848496,400,642.751259
-1096.602215,400,643.509076
-1398.621469,400,644.270088
-1247.918191,400,646.457765
-948.304379,400,647.233114
-930.313892,400,648.009914
-6321.019559,400,648.797722
-1070.946243,400,649.576432
-1143.61602,400,651.828383
-1138.429449,400,652.609601
-1012.123943,400,653.385853
-628.423555,400,654.276688
-839.031585,400,654.944612
-2824.840031,400,655.610279
-653.488972,400,656.274202
-6638.72163,400,656.937823
-1003.349209,400,657.71814
-1072.881039,400,658.494444
3815.862431,400,660.748106
-1253.380666,400,661.524781
3154.597308,400,662.300311
2649.254804,400,663.074546
-804.847439,400,663.849851
-984.659077,400,664.625307
-1045.295896,400,666.869159
936.438401,400,667.649576
1343.037034,400,668.4243
-293.589042,400,669.198329
-956.081216,400,669.974032
-984.627378,400,672.163852
-966.690603,400,672.919784
-1237.493338,400,673.676567
-983.214036,400,674.434025
-960.978026,400,675.190461
-970.832114,400,677.379922
-921.91636,400,678.156918
986.588158,400,678.937573
-969.473853,400,679.715829
-995.525756,400,680.490108
-1081.282966,400,682.697554
-1144.970933,400,683.461333
-924.924627,400,684.356688
-1099.507272,400,685.026496
-695.941446,400,685.695026
-740.396021,400,686.369882
-904.124747,400,687.038544
-1127.912361,400,687.806279
-1164.100639,400,688.566276
-1097.710779,400,689.325166
-981.009695,400,691.497125
-1146.891003,400,692.263731
-1464.263267,400,693.025646
-993.881421,400,693.789535
-1170.987502,400,694.551083
-1124.366604,400,696.719936
-1061.593642,400,697.488063
-989.364182,400,698.248775
1187.434868,400,699.010648
-1042.205413,400,699.771251
-1279.560299,400,701.950987
-992.517482,400,702.71039
-981.89977,400,703.469615
-1514.131499,400,704.227437
-1058.345271,400,704.985181
-981.690683,400,707.144987
-1077.996591,400,707.902086
-2947.618873,400,708.664237
-1179.148418,400,709.424593
-996.513565,400,710.18189
-1056.484883,400,710.946327
-1098.323774,400,713.130066
-747.410655,400,714.031184
-682.801018,400,714.694967
-2214.655921,400,715.355332
-1154.143568,400,716.019302
-211.550636,400,716.699525
-1001.628724,400,717.481405
-1131.675525,400,718.259508
-253.744865,400,719.034771
-1773.956704,400,719.807824
-1085.302587,400,722.002388
-1045.575514,400,722.770779
-993.824756,400,723.539018
-2189.446753,400,724.307866
-1408.330127,400,725.08036
-1158.211734,400,727.276691
-1004.18599,400,728.041096
-1053.669582,400,728.811223
-1608.193117,400,729.572798
720.677567,400,730.336403
-992.646155,400,732.513653
342.04603,400,733.274871
-1302.103924,400,734.03826
1080.830719,400,734.801879
-999.897393,400,735.563525
-1116.927502,400,737.75512
1179.235705,400,738.515548
1562.744778,400,739.274918
-1018.047874,400,740.033527
328.008466,400,740.793092
-590.158993,400,743.002513
-1597.235644,400,743.910906
-578.769336,400,744.579373
-676.443,400,745.253865
-6068.150015,400,745.93033
839.797986,400,746.619441
-1110.622997,400,747.401224
-3588.763144,400,748.17998
-1051.558044,400,748.959571
1323.609651,400,749.73568
-941.56777,400,751.960692
-980.045964,400,752.721149
-1022.299571,400,753.480258
1436.933107,400,754.237857
263.809944,400,754.995481
-1627.797886,400,757.178506
-1082.646507,400,757.937885
-1162.69356,400,758.703687
-1194.0592,400,759.473167
-3754.739461,400,760.242477
-1045.815988,400,761.008037
-414.577639,400,763.188108
-947.622049,400,763.947988
-1009.755785,400,764.711233
2132.838388,400,765.471085
-1024.348799,400,766.233901
-1067.206058,400,768.415835
-1123.126829,400,769.17615
-931.751176,400,769.939581
-1053.931582,400,770.698413
-980.667517,400,771.464518
-1730.751293,400,772.360255
-1862.625839,400,773.010283
-617.098865,400,773.678591
-568.272152,400,774.355773
-517.772953,400,775.026363
-1256.487096,400,777.197435
-1085.492703,400,777.95893
-625.661036,400,778.723958
-1048.035935,400,779.485086
3431.135371,400,780.244351
-962.847601,400,782.418177
-1054.06093,400,783.183657
-1083.94384,400,783.949459
612.081673,400,784.708725
-961.40901,400,785.469201
-1064.252063,400,787.639794
-1053.411861,400,788.400371
-611.074796,400,789.161422
-846.372505,400,789.923011
6020.853039,400,790.681349
-1086.676617,400,792.866604
-955.708426,400,793.626109
-1051.337698,400,794.385176
-1049.825869,400,795.143528
3367.157317,400,795.901285
-987.932193,400,798.071969
-1674.390242,400,798.832595
-1074.114199,400,799.589353
-1838.306015,400,800.351276
432.626375,400,801.107915
-443.435446,400,802.017362
-230.82883,400,802.675756
-400.558442,400,803.33696
-515.911642,400,804.005692
-424.461363,400,804.684045
-1055.84609,400,806.877018
-1421.631391,400,807.639652
-1081.007648,400,808.400967
-1007.539287,400,809.161665
-980.725257,400,809.923154
-976.844329,400,812.093593
-796.875106,400,812.855556
-1450.241141,400,813.616708
-1904.75403,400,814.383334
-1443.598871,400,815.151148
-1003.048967,400,815.911318
-1704.781064,400,818.091057
-1281.020929,400,818.855057
-1062.773923,400,819.616046
-358.929287,400,820.375525
-2377.567964,400,821.139232
-981.060123,400,823.312044
-905.437863,400,824.071827
-2365.2079,400,824.830452
-1154.883258,400,825.59384
1670.154914,400,826.353601
-1210.975313,400,828.569318
-1071.133668,400,829.350873
-732.736762,400,830.131371
-1135.783398,400,830.911618
-445.795719,400,831.841077
-755.9285,400,832.515226
-408.621412,400,833.211233
-545.602762,400,833.881439
-831.597857,400,834.55652
-1138.047404,400,835.339679
4239.318613,400,837.544572
-1207.865992,400,838.322248
-1782.288174,400,839.093759
7420.620837,400,839.861196
373.524643,400,840.632885
-1049.517541,400,842.869762
-1031.337369,400,843.638712
3404.378429,400,844.411666
983.59756,400,845.181693
-935.33955,400,845.95504
-936.37632,400,848.170308
-1032.184997,400,848.942961
-1028.578515,400,849.714105
-877.20205,400,850.487283
-1004.862921,400,851.257956
7491.801563,400,853.491632
-282.792574,400,854.259817
-959.533108,400,855.04088
560.606534,400,855.813009
-959.692598,400,856.586824
-1360.666544,400,858.834945
1451.046523,400,859.609176
-976.184466,400,860.383121
1903.784639,400,861.153793
-499.799491,400,862.055984
-760.392538,400,862.725559
752.098896,400,863.371023
-593.805684,400,864.018519
-620.592132,400,864.670248
4704.582724,400,865.462462
-1264.661732,400,866.244909
-1003.94559,400,868.514373
-1087.228482,400,869.27632
5500.157604,400,870.035667
2493.996047,400,870.792165
-972.278311,400,871.551678
-987.727373,400,873.756277
-1096.287933,400,874.534811
-994.304125,400,875.306646
2785.281477,400,876.079764
-1095.533401,400,876.853415
-913.781738,400,879.084381
2177.928124,400,879.862557
-941.307804,400,880.638822
-968.675628,400,881.417542
-937.83093,400,882.196369
-2834.438438,400,884.449876
-986.983018,400,885.229464
-1074.903191,400,886.007552
4330.256775,400,886.785806
-1189.371785,400,887.563868
-1001.965026,400,889.8276
12342.432524,400,890.605811
-1061.423457,400,891.382325
-570.987308,400,892.290391
-574.475739,400,892.966122
-816.189522,400,893.633445
-679.706673,400,894.297469
-606.847948,400,894.959993
3572.851096,400,895.74617
-959.123288,400,896.522942
-4803.302927,400,898.794024
254.011407,400,899.557304
-2412.85691,400,900.322777
-240.081291,400,901.092082
-986.947366,400,901.851416
-890.995218,400,904.027451
-883.126705,400,904.784974
-1025.494524,400,905.542913
-944.434231,400,906.304436
-974.114632,400,907.066548
-1022.038222,400,909.263976
-977.757795,400,910.035843
804.374912,400,910.806129
1627.174717,400,911.580041
-1319.436309,400,912.351841
2350.087308,400,913.122554
-1156.60641,400,915.362529
737.786559,400,916.133842
-1686.419635,400,916.904188
-869.106492,400,917.676755
-1270.825698,400,918.451341
-931.331114,400,920.663508
-974.320152,400,921.428262
-556.53931,400,922.314799
203.190395,400,922.96977
-523.990619,400,923.619044
-581.715487,400,924.271462
-607.239772,400,924.922212
-919.68278,400,925.699876
-2560.121628,400,926.480531
4317.841229,400,927.252266
-1234.348181,400,929.488635
-967.851373,400,930.260715
-973.138225,400,931.031898
2649.505262,400,931.805304
-1069.628362,400,932.577589
-1557.788584,400,934.803318
-1062.716035,400,935.573704
-1125.858771,400,936.34482
-1000.689575,400,937.116279
-1015.258535,400,937.889264
-995.309182,400,940.094712
-1081.621741,400,940.862628
6423.719105,400,941.634315
9362.153489,400,942.406689
1627.719115,400,943.180246
46.587017,400,945.436877
1858.33079,400,946.207903
-939.272247,400,946.978817
-1037.202571,400,947.753156
-957.343368,400,948.524305
-1142.06162,400,950.735748
-1037.387509,400,951.499793
2592.468083,400,952.379503
-444.954062,400,953.020028
-434.184566,400,953.659218
-538.99152,400,954.300352
-451.091344,400,954.936434
-1000.870101,400,955.707035
9627.101747,400,956.465343
-904.379834,400,957.223068
2104.263117,400,959.444523
6308.385128,400,960.224396
-988.25184,400,961.000073
1043.602527,400,961.777717
-1140.004702,400,962.554015
2402.02677,400,964.813413
-945.779643,400,965.587899
3520.407087,400,966.366752
-1244.015243,400,967.146236
1474.905764,400,967.923242
-974.108077,400,968.700539
-695.089605,400,970.924167
1163.697255,400,971.683771
-1538.87245,400,972.447831
1148.781921,400,973.206338
-999.591541,400,973.966666
-1042.092352,400,976.159581
-848.8953,400,976.919696
-1110.714682,400,977.681591
6669.74055,400,978.444715
-976.333826,400,979.206667
-430.93678,400,981.431516
-427.693502,400,982.314422
-494.485022,400,982.95987
1164.366427,400,983.608321
-438.117414,400,984.25233
-500.694925,400,984.897116
170.230742,400,985.672433
3755.638201,400,986.445715
2724.865502,400,987.216077
-1142.914411,400,987.986934
-961.800904,400,990.231598
-1002.65087,400,991.003964
-1071.47611,400,991.771301
-1036.654758,400,992.54109
1185.330258,400,993.30899
234.653558,400,995.5388
-1802.511115,400,996.308104
-1086.257962,400,997.081485
-947.208501,400,997.858217
-942.413902,400,998.627188
-913.379526,400,1000.81991
-1073.543347,400,1001.577734
-989.947077,400,1002.338348
-882.101867,400,1003.094723
-172.36753,400,1003.857517
-1042.150282,400,1006.04015
-1055.12705,400,1006.797196
-1029.491582,400,1007.558538
-565.956212,400,1008.318357
-981.165827,400,1009.073502
1318.89548,400,1011.257603
-464.401035,400,1012.128618
-574.372873,400,1012.77846
-439.351863,400,1013.413163
-480.555926,400,1014.048833
-410.398356,400,1014.684255
-957.930049,400,1015.450848
-975.992261,400,1016.205842
-956.011924,400,1016.961204
-891.595425,400,1017.716134
-907.177564,400,1018.473398
-934.558398,400,1020.655781
-996.78355,400,1021.415338
-1060.288077,400,1022.171268
-980.541998,400,1022.930572
1647.33791,400,1023.69221
8107.223007,400,1025.875592
-1003.623958,400,1026.637861
-999.693994,400,1027.39379
-943.742331,400,1028.149133
-1072.78399,400,1028.904096
324.881902,400,1031.116579
2900.018537,400,1031.880079
-977.409983,400,1032.642674
-1060.557372,400,1033.401596
1947.044136,400,1034.160666
1886.952416,400,1036.38882
6676.377313,400,1037.159633
-964.32831,400,1037.924951
6.632552,400,1038.692582
-860.705206,400,1039.459075
-505.597188,400,1040.339204
2143.329081,400,1040.988547
-374.328602,400,1041.633582
-382.073586,400,1042.281657
-492.679135,400,1042.927161
-1051.251135,400,1045.164008
-1004.241097,400,1045.935323
3084.082568,400,1046.709007
-1011.421233,400,1047.477165
-1066.377753,400,1048.246261
-1027.8273,400,1050.473793
2894.525615,400,1051.243463
-1363.460557,400,1052.022866
-871.363491,400,1052.790054
-1017.671713,400,1053.558259
-1075.212949,400,1055.792146
-849.311025,400,1056.564085
-949.906831,400,1057.333557
-1373.836776,400,1058.103803
5491.229443,400,1058.874149
2135.181311,400,1061.104368
3377.026426,400,1061.865069
423.873158,400,1062.623392
-2543.377623,400,1063.386443
-1074.820619,400,1064.146911
-14.434222,400,1064.91118
1046.530716,400,1067.114213
-881.536268,400,1067.871956
3630.869798,400,1068.63232
-965.195502,400,1069.396058
-429.791211,400,1070.27338
-505.399582,400,1070.909466
10742.142221,400,1071.55125
-460.469057,400,1072.185534
11048.81774,400,1072.823132
-884.376636,400,1073.593807
-1026.711372,400,1075.802988
-618.520923,400,1076.572195
-1486.330121,400,1077.344775
-1086.167718,400,1078.115483
-1111.285241,400,1078.889606
9895.88363,400,1081.090943
1978.084878,400,1081.845816
-1034.896697,400,1082.602282
-950.148801,400,1083.359647
-1095.447959,400,1084.117318
-1065.264538,400,1086.333769
-1143.157041,400,1087.101107
-1143.064667,400,1087.861447
-12.612185,400,1088.628543
-1029.862978,400,1089.385873
-1070.770239,400,1091.580436
9790.558934,400,1092.339847
407.883533,400,1093.095907
-1030.854455,400,1093.854632
-984.065042,400,1094.613075
2209.493764,400,1096.821327
-1119.333485,400,1097.579395
1184.801337,400,1098.34045
-1001.422443,400,1099.099783
-349.600921,400,1099.973105
11055.493403,400,1100.616931
18924.518083,400,1101.256618
-405.838556,400,1101.896084
7228.937364,400,1102.536936
3712.817886,400,1103.308627
-1109.143293,400,1105.528974
342.708707,400,1106.289266
-976.753286,400,1107.048043
-1193.84233,400,1107.809093
-1086.754226,400,1108.568555
-626.406251,400,1110.75748
-990.588625,400,1111.521039
-969.207657,400,1112.281458
-1038.374185,400,1113.041063
1517.442957,400,1113.805181
-981.514961,400,1116.002944
-1057.764558,400,1116.763192
-1014.868597,400,1117.52243
589.907937,400,1118.284433
-984.240256,400,1119.041275
-1113.691999,400,1119.798677
-943.03357,400,1121.979085
-1005.695979,400,1122.749005
4599.878985,400,1123.511853
-211.934546,400,1124.27323
-962.023736,400,1125.034595
-1764.30861,400,1127.238967
4609.751853,400,1127.998486
-1129.653144,400,1128.758042
13167.455586,400,1129.632937
-475.96788,400,1130.273402
13070.317052,400,1130.912763
-412.908778,400,1131.54862
-417.028611,400,1132.18322
3282.38479,400,1132.946109
-918.156947,400,1133.708076
-982.281561,400,1135.907584
5310.360307,400,1136.665398
4551.870516,400,1137.423955
2103.905775,400,1138.182759
7699.669191,400,1138.942073
-1052.895988,400,1141.160324
-1054.499234,400,1141.920367
11032.165498,400,1142.678242
1809.274055,400,1143.436543
-1090.358535,400,1144.193074
-1064.026689,400,1146.406883
1911.365078,400,1147.16462
-1079.555417,400,1147.92523
998.136076,400,1148.684503
-1065.441202,400,1149.44278
-1095.359147,400,1151.631429
-973.594897,400,1152.390533
1256.428377,400,1153.150379
-991.887932,400,1153.90782
-873.812564,400,1154.672483
-917.628793,400,1156.857404
-950.093252,400,1157.615583
-828.536159,400,1158.373572
1970.046679,400,1159.248978
-363.994317,400,1159.880783
25489.495759,400,1160.517563
-352.360916,400,1161.151081
-435.750657,400,1161.786304
-850.979922,400,1162.551884
-938.782031,400,1163.309832
-1044.244151,400,1165.50539
-1058.742505,400,1166.265368
-1281.103808,400,1167.026565
-1030.810928,400,1167.784032
1843.934771,400,1168.542327
14182.403881,400,1169.299275
-1077.73956,400,1171.549531
-1008.550968,400,1172.318205
-946.070607,400,1173.086531
-951.819782,400,1173.856755
3531.167305,400,1174.623678
-969.424307,400,1176.874427
-997.769687,400,1177.651547
-993.440343,400,1178.427252
3002.685967,400,1179.206306
2249.657212,400,1179.982609
-563.56826,400,1182.241633
-883.134825,400,1183.017633
-739.051596,400,1183.796649
-914.349718,400,1184.569227
10290.40482,400,1185.342481
-329.106317,400,1187.604295
973.022589,400,1188.38168
3101.959721,400,1189.268093
-329.405297,400,1189.913852
-21.700922,400,1190.562098
-326.620613,400,1191.214236
-362.405045,400,1191.863371
-922.215043,400,1192.646101
-1049.577224,400,1193.420826
3904.024548,400,1194.193844
-475.934756,400,1196.419574
-891.310933,400,1197.175865
-1079.059135,400,1197.935435
-905.753466,400,1198.694402
1716.994849,400,1199.452541
-1076.690926,400,1201.668387
-867.214248,400,1202.437519
-1013.274243,400,1203.20749
-996.467806,400,1203.975981
-397.351851,400,1204.743056
1266.233812,400,1206.981219
-1030.225468,400,1207.752086
-816.998518,400,1208.522067
4667.250072,400,1209.293126
-985.782979,400,1210.062609
-897.86188,400,1212.314556
-979.287844,400,1213.093406
-920.228897,400,1213.868998
11773.52434,400,1214.644615
-940.485354,400,1215.422755
-917.83638,400,1216.196188
-1532.531884,400,1218.474916
183.030637,400,1219.365124
466.23791,400,1220.015822
-325.601714,400,1220.665428
965.577078,400,1221.314786
-342.144016,400,1221.963565
-1229.482233,400,1222.746042
-865.340066,400,1223.521973
-926.453266,400,1224.300414
-917.499204,400,1225.077974
-1020.98275,400,1227.345505
6214.053535,400,1228.121392
-1164.319382,400,1228.897854
651.700074,400,1229.674667
11575.294113,400,1230.450241
-1178.586432,400,1232.729645
-1341.199763,400,1233.499925
-990.172373,400,1234.265086
5011.986362,400,1235.034106
-982.490999,400,1235.806858
-1018.800335,400,1238.044231
-1208.763231,400,1238.804434
1502.878831,400,1239.563924
-1163.719674,400,1240.32545
-1133.162916,400,1241.085812
-1076.398568,400,1243.29077
1597.79671,400,1244.050442
-1045.400301,400,1244.805624
-912.119218,400,1245.561156
-1023.358867,400,1246.317609
-1173.470554,400,1248.541521
25892.012018,400,1249.423712
1883.865231,400,1250.069873
5717.359185,400,1250.716667
22062.353302,400,1251.362325
445.827257,400,1252.005199
155.734832,400,1252.787894
-907.857368,400,1253.55812
-912.682011,400,1254.332189
-1034.512934,400,1255.101499
-980.190835,400,1257.347737
-918.23298,400,1258.124629
-912.761679,400,1258.900713
-1195.762897,400,1259.676808
-989.220455,400,1260.452453
4628.539014,400,1262.725115
-1022.560311,400,1263.504051
3631.11159,400,1264.283213
-1029.954762,400,1265.059681
118.959063,400,1265.837561
-1176.030127,400,1268.100911
-933.5305,400,1268.870681
-912.049473,400,1269.635678
-809.138491,400,1270.403421
-360.371941,400,1271.169558
5603.614983,400,1271.937931
2009.304409,400,1274.189526
5228.960603,400,1274.959996
4839.724871,400,1275.729669
-947.760923,400,1276.50124
-984.137739,400,1277.271909
4006.174278,400,1278.155593
161.056893,400,1278.801621
4193.408972,400,1279.449522
-167.172508,400,1280.093326
2600.083718,400,1280.741585
14960.639722,400,1282.998082
-727.646801,400,1283.765039
2468.351917,400,1284.532197
-877.522278,400,1285.30266
7053.133787,400,1286.074321
4534.621852,400,1288.334339
4566.18803,400,1289.105271
7533.85118,400,1289.876765
17592.47017,400,1290.648243
-1113.672969,400,1291.418935
-926.836023,400,1293.669749
1808.346257,400,1294.440758
6576.353401,400,1295.209967
397.840292,400,1295.978904
-1132.953199,400,1296.752713
3114.266239,400,1299.023223
2788.730454,400,1299.801768
-1572.022679,400,1300.582242
15481.674157,400,1301.35886
2778.361849,400,1302.135419
-1039.535377,400,1304.421401
10630.298258,400,1305.20297
-898.268702,400,1305.981816
-924.075857,400,1306.758973
1622.375668,400,1307.536986
2281.718126,400,1308.427104
22965.528816,400,1309.077225
23365.6529,400,1309.726326
7420.209883,400,1310.37594
4108.425733,400,1311.024792
-571.120112,400,1313.302679
6367.373509,400,1314.076237
-861.579853,400,1314.852309
-933.552228,400,1315.6284
2574.181269,400,1316.407223
9323.375141,400,1318.661507
5635.872924,400,1319.419889
-966.748587,400,1320.178195
3091.669784,400,1320.942838
-1064.770873,400,1321.70396
-1017.148186,400,1322.461268
-1069.742239,400,1324.680891
205.430645,400,1325.441294
12251.458907,400,1326.202119
6664.062102,400,1326.959768
5404.803179,400,1327.724532
-1270.570678,400,1329.942185
5170.978556,400,1330.701239
-1075.74501,400,1331.462127
-176.253125,400,1332.218561
5667.77669,400,1332.978235
-973.716887,400,1335.196145
18260.048236,400,1335.953348
-416.948767,400,1336.710475
10491.072207,400,1337.469795
6464.634171,400,1338.346197
22223.993322,400,1338.981175
22719.64326,400,1339.617838
3292.846173,400,1340.254296
3280.106655,400,1340.893756
-975.533458,400,1341.65562
7990.497877,400,1343.871479
-906.801499,400,1344.626627
4552.278538,400,1345.383327
-1062.610446,400,1346.13909
-914.326618,400,1346.896156
3437.910636,400,1349.113004
-1106.622663,400,1349.879276
7280.482845,400,1350.645013
-1113.505115,400,1351.402102
1653.639863,400,1352.160154
3796.68107,400,1354.37928
-448.218098,400,1355.138247
7999.222721,400,1355.893774
818.828973,400,1356.6504
8329.131688,400,1357.408265
-1026.39003,400,1359.641053
26298.69888,400,1360.413008
-1033.126892,400,1361.183215
-110.589469,400,1361.953894
-937.380051,400,1362.722358
-1026.608983,400,1364.981658
-1047.452882,400,1365.7488
-1238.370652,400,1366.519655
3951.882311,400,1367.288583
18516.498765,400,1368.170651
2592.338735,400,1368.821116
2640.346954,400,1369.467245
21045.452506,400,1370.112359
2872.330876,400,1370.757275
11541.992529,400,1371.530427
-948.532898,400,1372.298753
3012.486088,400,1374.556646
-1023.336555,400,1375.327248
2627.044574,400,1376.096303
2583.288849,400,1376.868466
5191.25243,400,1377.638153
11355.31482,400,1379.882417
-1157.309352,400,1380.640414
13644.11288,400,1381.401357
-861.846595,400,1382.162211
7435.780994,400,1382.924438
-1066.744657,400,1385.185719
10956.146285,400,1385.955357
-802.8208,400,1386.726561
4800.767764,400,1387.497303
3765.686346,400,1388.266674
4012.915627,400,1390.520734
-1067.377988,400,1391.289281
-1463.378254,400,1392.061004
-948.766951,400,1392.829099
-951.981021,400,1393.599998
4100.875972,400,1395.821793
12999.16877,400,1396.580706
-1262.465403,400,1397.339306
17793.314941,400,1398.212423
2560.353223,400,1398.851774
1823.999458,400,1399.491441
14772.200022,400,1400.129578
18686.029247,400,1400.767597
3209.086994,400,1401.5402
2956.105628,400,1402.298014
9180.846496,400,1404.509398
-973.923544,400,1405.266178
7969.169178,400,1406.029458
-1336.252741,400,1406.790886
1605.672725,400,1407.550241
-1012.89204,400,1409.762266
6147.782965,400,1410.524881
-890.00896,400,1411.285575
10332.996197,400,1412.046297
21889.756259,400,1412.804792
19011.237158,400,1415.033582
2522.815284,400,1415.806366
-895.173553,400,1416.576234
758.938345,400,1417.34403
-1171.842682,400,1418.119291
-964.670699,400,1420.377687
-1142.488608,400,1421.152917
7542.593259,400,1421.921995
362.549037,400,1422.697932
-931.076004,400,1423.470073
6278.380645,400,1424.240053
3988.236671,400,1426.507888
6.926494,400,1427.279598
33748.217528,400,1428.16502
525.010638,400,1428.817392
670.939501,400,1429.467709
3391.143283,400,1430.114969
4192.129623,400,1430.760423
4049.558835,400,1431.535698
17390.336525,400,1432.307797
-952.502943,400,1433.081102
-991.923205,400,1435.329144
-1145.061313,400,1436.091219
13246.084404,400,1436.845631
-3896.60634,400,1437.603089
7282.024609,400,1438.361065
4767.746604,400,1440.587718
1137.906039,400,1441.348442
2084.682451,400,1442.107129
-48.835858,400,1442.865387
-696.008875,400,1443.622707
2432.578709,400,1445.844423
1245.77984,400,1446.609989
1282.386084,400,1447.371489
9857.836787,400,1448.134423
5681.93957,400,1448.892092
6593.395254,400,1451.143253
3405.649996,400,1451.919666
1912.417174,400,1452.700254
-1145.532379,400,1453.481904
4543.8745,400,1454.260494
-934.229058,400,1456.543613
4524.790687,400,1457.321753
2577.925963,400,1458.21517
2774.609301,400,1458.86781
-293.370044,400,1459.524259
1455.479633,400,1460.175627
6092.535332,400,1460.825986
-1288.284058,400,1461.610557
10376.558237,400,1462.382708
-721.187907,400,1463.162528
4487.864767,400,1465.439173
8261.733406,400,1466.207421
2588.96477,400,1466.978611
4178.989913,400,1467.747917
4090.434626,400,1468.518482
14489.2983,400,1470.781079
5592.60239,400,1471.553791
-1025.565437,400,1472.323883
-1110.459961,400,1473.095435
6410.718667,400,1473.86396
-1462.141593,400,1474.635069
-1111.070966,400,1476.883102
14688.279766,400,1477.645091
1712.865771,400,1478.40855
617.799397,400,1479.170924
6197.800643,400,1479.931764
7086.647774,400,1482.173019
9471.140388,400,1482.943968
12334.158764,400,1483.71312
9037.792443,400,1484.482711
-1143.752767,400,1485.254325
8475.443791,400,1487.511096
34956.737089,400,1488.391263
2544.385797,400,1489.033625
-580.785182,400,1489.683077
12.769098,400,1490.332043
11781.724146,400,1490.979399
4421.711362,400,1491.75618
3903.488391,400,1492.529431
10526.062156,400,1493.299511
-959.400828,400,1494.070909
-1123.476597,400,1496.33196
3773.283812,400,1497.102674
8094.174494,400,1497.87406
-1369.280674,400,1498.64573
-1236.154677,400,1499.417954
-684.872909,400,1501.673159
8421.292823,400,1502.443348
27215.906375,400,1503.213213
-601.032479,400,1503.988618
-806.949674,400,1504.758661
11203.022787,400,1507.022488
15197.322716,400,1507.792999
1090.060708,400,1508.567178
2436.174142,400,1509.33809
11960.242342,400,1510.107774
6344.467023,400,1512.372148
13933.341108,400,1513.142478
2056.061656,400,1513.912224
-843.449826,400,1514.682483
16333.735332,400,1515.449636
-290.919231,400,1517.724172
3044.683669,400,1518.613794
834.70791,400,1519.264174
11682.553966,400,1519.915203
725.29276,400,1520.568762
1540.128164,400,1521.220298
-719.000191,400,1522.003578
-451.632987,400,1522.780262
-662.795818,400,1523.55828
2240.968425,400,1524.338231
4104.508796,400,1525.117532
4161.413486,400,1527.380856
291.448578,400,1528.144654
10083.043696,400,1528.907786
2187.214378,400,1529.671284
7798.623995,400,1530.432059
-113.312616,400,1532.664713
3699.502668,400,1533.423854
12543.676927,400,1534.186739
6092.812382,400,1534.947525
2598.882498,400,1535.711889
398.319722,400,1537.947217
12553.291806,400,1538.711468
14866.389742,400,1539.47159
10482.181709,400,1540.232808
1179.53316,400,1540.995823
1010.84792,400,1543.223375
9243.525775,400,1543.984423
9211.887208,400,1544.746135
19331.254012,400,1545.50782
12914.5944,400,1546.269401
2237.451894,400,1547.149253
34550.404898,400,1547.788087
32408.358044,400,1548.430449
-2969.596436,400,1549.071721
2055.564157,400,1549.712115
13964.019703,400,1551.973676
15804.511784,400,1552.749877
3759.906999,400,1553.52752
12876.36616,400,1554.304177
5674.101542,400,1555.079685
10909.938874,400,1557.363004
6881.337245,400,1558.141056
-1038.335339,400,1558.915449
2523.650758,400,1559.693907
-464.222066,400,1560.468843
5612.891563,400,1562.752948
-184.974301,400,1563.54166
14460.19804,400,1564.317052
10285.295875,400,1565.097027
-997.47698,400,1565.87603
13785.021864,400,1568.160358
-4.588401,400,1568.937977
10871.426548,400,1569.715364
4330.982159,400,1570.495822
7521.397033,400,1571.274186
14409.738756,400,1573.554409
2616.609924,400,1574.331801
5601.07801,400,1575.111241
17221.351437,400,1575.8891
-953.710961,400,1576.662632
32014.211859,400,1577.553893
2495.372804,400,1578.208345
2613.785661,400,1578.863214
35968.56919,400,1579.515095
2194.60995,400,1580.170869
-973.467473,400,1580.952141
11196.528188,400,1583.234885
13149.665071,400,1584.012485
17726.115183,400,1584.788013
12143.529386,400,1585.564273
16312.778281,400,1586.342944
3840.28222,400,1588.592399
12520.67703,400,1589.352229
6.880714,400,1590.110484
3144.750682,400,1590.868627
7982.622063,400,1591.63073
7456.338995,400,1593.851213
2596.109808,400,1594.619986
13108.708537,400,1595.379288
4568.892232,400,1596.13906
15502.930254,400,1596.899861
-900.48725,400,1599.119375
8821.803767,400,1599.877561
6432.682103,400,1600.636321
24449.008545,400,1601.39245
16583.51431,400,1602.149395
4926.850785,400,1604.375719
18831.839418,400,1605.136553
4794.859763,400,1605.892609
5299.416228,400,1606.648759
3551.673505,400,1607.523566
2914.308329,400,1608.159534
2412.905371,400,1608.797379
35752.24485,400,1609.435377
3719.194402,400,1610.073775
7627.37684,400,1610.836127
8745.612873,400,1613.06223
364.780442,400,1613.820794
14350.04127,400,1614.579284
15925.431625,400,1615.33421
21185.917931,400,1616.089052
7206.981326,400,1618.315212
4398.654611,400,1619.073564
11881.870566,400,1619.828975
9936.30288,400,1620.583677
12094.886133,400,1621.341121
15151.853396,400,1623.590415
9633.316172,400,1624.369737
7669.974003,400,1625.148157
23878.656589,400,1625.924221
25171.034739,400,1626.702829
405.287973,400,1627.480779
3577.721282,400,1629.753541
6036.831057,400,1630.531105
8322.061248,400,1631.301461
12237.656104,400,1632.070667
4332.970249,400,1632.841848
11832.069237,400,1635.096556
12411.793999,400,1635.859074
10424.90441,400,1636.619077
36363.042989,400,1637.49508
6689.648883,400,1638.133494
36264.770786,400,1638.773021
1584.135714,400,1639.412484
35643.315657,400,1640.054198
10400.962224,400,1640.827002
15367.684786,400,1641.587963
19746.002469,400,1643.809326
3146.136617,400,1644.57121
5873.345701,400,1645.335092
7075.966765,400,1646.099112
10719.018874,400,1646.867364
6245.697515,400,1649.120508
24870.831791,400,1649.899098
14430.460972,400,1650.675762
6574.548907,400,1651.453558
12623.264012,400,1652.228785
23538.321387,400,1654.500683
19060.50706,400,1655.273016
-1727.632379,400,1656.051251
17364.472075,400,1656.825291
3885.347793,400,1657.596696
10489.654779,400,1659.859944
11925.119807,400,1660.630344
16206.546545,400,1661.402831
7745.457467,400,1662.173362
7256.124033,400,1662.944424
476.054145,400,1665.193225
1008.734261,400,1665.952061
-986.453683,400,1666.710624
36367.740188,400,1667.588084
36367.418626,400,1668.225956
35962.988552,400,1668.863448
36366.751962,400,1669.498386
1762.396419,400,1670.135406
16191.49225,400,1670.912452
28751.76315,400,1671.671794
24766.164782,400,1673.919043
17814.7267,400,1674.68878
-203.500732,400,1675.45851
20401.959638,400,1676.227348
25610.542783,400,1676.995692
23326.955099,400,1677.764511
15766.343093,400,1680.029446
8506.918499,400,1680.801604
8191.824636,400,1681.574267
21814.903171,400,1682.34304
13006.909906,400,1683.111176
20274.793538,400,1685.355227
3068.965656,400,1686.113705
16110.552404,400,1686.873054
10323.171819,400,1687.630793
14625.325091,400,1688.389124
23537.595045,400,1690.617128
29756.046924,400,1691.377424
11869.325744,400,1692.140357
28666.700682,400,1692.902349
7706.721232,400,1693.662276
23047.336587,400,1695.894873
13043.767666,400,1696.653976
29150.182331,400,1697.529803
5643.314758,400,1698.167632
33985.096192,400,1698.805381
14799.410507,400,1699.445587
34103.711852,400,1700.082519
17684.503965,400,1700.84805
14675.671653,400,1701.607565
21261.854905,400,1702.374001
8938.932974,400,1704.608435
9778.464864,400,1705.367236
2175.285065,400,1706.129727
4588.084202,400,1706.88844
7188.133336,400,1707.650716
21830.138162,400,1709.918856
19017.11175,400,1710.69453
24736.792608,400,1711.47225
14204.358044,400,1712.247737
22315.208164,400,1713.024293
24970.982346,400,1715.275884
29051.150701,400,1716.035538
6699.870939,400,1716.795326
17028.24674,400,1717.554466
18170.896043,400,1718.313696
3401.097132,400,1720.531748
19567.147409,400,1721.287908
17759.031629,400,1722.047992
10152.67803,400,1722.807125
29752.247834,400,1723.566293
2705.158175,400,1725.805658
11216.529076,400,1726.575924
33359.205288,400,1727.458355
36451.89451,400,1728.103081
36443.154307,400,1728.749657
36546.569734,400,1729.397
34604.770699,400,1730.043565
23345.283599,400,1730.82819
13188.488074,400,1731.6024
18530.573441,400,1732.372757
3349.987417,400,1733.144242
6403.764845,400,1735.411426
10320.596677,400,1736.17837
25482.900363,400,1736.95019
8273.542068,400,1737.721073
30266.872224,400,1738.493103
21660.010817,400,1740.738923
13787.649999,400,1741.502309
26997.606296,400,1742.26356
13108.504729,400,1743.025127
13956.376547,400,1743.78529
28359.893164,400,1746.013982
11686.694497,400,1746.771255
13698.694521,400,1747.532158
22581.021198,400,1748.28866
21856.728357,400,1749.048553
12408.902418,400,1751.287775
32237.864423,400,1752.057332
19386.109374,400,1752.829872
32034.812453,400,1753.60171
17102.59683,400,1754.369755
7895.856472,400,1756.638641
31606.570246,400,1757.52454
33053.956526,400,1758.170006
33969.381356,400,1758.817263
35411.778022,400,1759.465181
35205.979252,400,1760.114692
17566.037387,400,1760.891411
9000.56267,400,1761.663042
23097.710777,400,1762.434468
21677.058609,400,1763.205976
14504.177667,400,1765.469814
17259.458108,400,1766.239425
28536.365014,400,1767.010854
12598.319972,400,1767.7819
32321.375072,400,1768.552811
13878.613215,400,1770.817787
14520.739158,400,1771.586338
23951.539221,400,1772.35847
20676.298582,400,1773.132561
15073.486722,400,1773.901296
31175.899804,400,1776.150915
8966.853238,400,1776.911934
27116.786307,400,1777.671757
20175.615635,400,1778.430685
23303.476407,400,1779.191864
28026.001282,400,1779.954054
24175.588586,400,1782.1765
11810.38078,400,1782.93537
10362.943892,400,1783.693009
20883.535841,400,1784.451051
12906.239168,400,1785.209504
36447.411702,400,1786.087645
36562.938217,400,1786.725549
34088.291269,400,1787.363173
36456.675033,400,1788.001765
36556.580695,400,1788.636384
21458.712811,400,1790.868851
23965.004542,400,1791.625426
31816.905646,400,1792.382415
25891.787378,400,1793.142265
20062.761677,400,1793.902073
-382.579858,400,1796.139589
10792.303219,400,1796.901198
29035.91873,400,1797.659914
13418.661796,400,1798.418752
23016.823335,400,1799.176819
31220.227791,400,1801.398218
19409.050569,400,1802.155667
20349.167455,400,1802.917148
23009.181887,400,1803.677281
30292.044699,400,1804.437531
26304.283357,400,1806.654397
21560.439603,400,1807.412696
6556.335818,400,1808.167434
28944.216162,400,1808.923375
9032.967836,400,1809.680546
16614.945647,400,1811.935868
18501.883723,400,1812.719831
27002.498003,400,1813.494755
12252.174859,400,1814.270814
20194.134256,400,1815.046742
36344.835208,400,1815.934752
33495.034959,400,1816.584628
34398.292864,400,1817.231923
36346.070371,400,1817.879589
36352.306419,400,1818.529121
20560.923785,400,1820.815582
15210.316776,400,1821.591626
4737.541796,400,1822.367441
24668.390443,400,1823.144051
18733.0816,400,1823.92081
22534.377905,400,1826.204373
23220.267121,400,1826.979649
28466.545949,400,1827.755795
25671.069871,400,1828.534187
15592.630929,400,1829.313376
25188.322705,400,1830.089633
1886.706277,400,1832.339836
15727.814339,400,1833.100496
22888.577275,400,1833.85962
12606.306228,400,1834.622449
27337.312364,400,1835.381744
32544.13915,400,1837.606439
28127.890825,400,1838.365812
31211.490607,400,1839.122165
20784.359756,400,1839.883057
6729.417518,400,1840.643265
11364.240864,400,1842.859714
18605.753719,400,1843.619125
17379.542469,400,1844.376605
26096.230274,400,1845.135354
36135.745522,400,1846.015484
36338.749244,400,1846.652158
30919.955867,400,1847.29074
34501.626673,400,1847.927093
36347.6928,400,1848.563146
14524.074633,400,1849.332073
21522.108315,400,1851.548533
26227.204753,400,1852.306595
17495.009853,400,1853.065204
15368.07131,400,1853.822481
20367.432501,400,1854.580855
28233.948754,400,1856.806378
23508.11115,400,1857.575512
3225.724233,400,1858.347611
16682.525658,400,1859.116712
29443.291619,400,1859.886487
33329.464632,400,1862.147696
31825.141082,400,1862.923981
18622.791552,400,1863.700955
26918.32409,400,1864.47986
16459.205975,400,1865.257914
21412.571254,400,1867.538517
22496.710816,400,1868.315282
7609.879137,400,1869.09264
16763.803679,400,1869.870651
26271.152691,400,1870.645658
12794.042193,400,1872.936595
28989.386516,400,1873.71146
24788.722372,400,1874.485416
23927.871044,400,1875.268234
36455.740435,400,1876.155401
36453.493784,400,1876.80383
36454.351142,400,1877.454294
36454.813829,400,1878.102336
36457.518489,400,1878.750354
20586.345978,400,1879.533544
30989.066639,400,1881.794709
25132.457763,400,1882.554345
16913.359442,400,1883.312976
24087.432207,400,1884.072428
31403.662561,400,1884.833004
21704.084441,400,1885.592014
21187.396468,400,1887.824576
21698.267095,400,1888.585051
28739.539491,400,1889.346817
29688.28223,400,1890.104926
27625.28444,400,1890.866344
22104.400596,400,1893.093849
18628.215577,400,1893.85329
33365.795874,400,1894.61123
32742.120218,400,1895.368647
29136.504571,400,1896.12778
22778.8892,400,1898.349144
27125.416432,400,1899.107923
27013.779546,400,1899.866127
30791.567877,400,1900.625244
16759.784327,400,1901.383097
25066.990631,400,1903.604207
15375.755594,400,1904.3629
30192.819412,400,1905.119901
36560.777066,400,1905.997482
36451.036423,400,1906.634247
36567.122649,400,1907.26969
36451.499649,400,1907.905167
36453.982904,400,1908.543684
12875.984197,400,1909.303362
18480.284699,400,1910.061686
18609.272106,400,1912.29762
29270.175369,400,1913.06674
25726.022619,400,1913.8318
28728.20786,400,1914.599637
19865.349793,400,1915.369134
27142.635344,400,1917.615562
24459.964655,400,1918.375114
24139.780221,400,1919.133689
17084.003078,400,1919.892634
21955.828993,400,1920.646765
22634.569644,400,1922.876246
25759.253113,400,1923.63589
16174.381293,400,1924.394848
22313.930652,400,1925.152516
27635.120616,400,1925.905954
35696.202244,400,1928.16507
29690.822422,400,1928.938155
20359.400644,400,1929.716221
21197.872098,400,1930.492891
19857.026245,400,1931.266827
28249.390122,400,1932.043683
23285.354715,400,1934.286871
21130.291256,400,1935.045738
35099.900864,400,1935.922575
36458.420646,400,1936.55696
36149.404973,400,1937.194972
36138.440399,400,1937.8341
36351.081441,400,1938.470505
22853.895144,400,1939.229397
27228.543755,400,1939.988288
32652.636143,400,1940.746985
28457.009464,400,1942.966257
22674.884216,400,1943.727437
30181.771602,400,1944.48458
30564.005635,400,1945.24359
22683.011818,400,1946.003173
25892.832157,400,1948.227402
27091.820679,400,1948.986623
30077.659637,400,1949.74194
30305.636371,400,1950.501101
24053.844392,400,1951.259312
26728.182817,400,1953.506727
27157.746592,400,1954.282197
20915.699452,400,1955.058834
27210.087034,400,1955.834488
29481.242331,400,1956.609123
27727.143132,400,1958.888956
21810.014619,400,1959.662898
31118.344128,400,1960.437475
30396.518002,400,1961.210826
21734.80165,400,1961.987848
19036.033159,400,1964.241688
28894.700318,400,1965.002139
36562.894205,400,1965.877301
36362.536022,400,1966.510564
36559.185784,400,1967.146732
34318.638472,400,1967.780285
36564.307444,400,1968.418411
24779.950763,400,1969.17979
18737.475528,400,1969.940188
30892.758244,400,1970.699641
33260.360816,400,1972.949931
21865.365458,400,1973.731
32021.834363,400,1974.506798
31736.076147,400,1975.282291
27192.831041,400,1976.064962
27943.133927,400,1978.354697
28132.2348,400,1979.134723
28665.463098,400,1979.912175
21820.694065,400,1980.692017
25908.644252,400,1981.469686
31623.026682,400,1982.252078
26198.249902,400,1984.532656
29860.504396,400,1985.305444
31735.574041,400,1986.075543
28453.043147,400,1986.846739
26101.536123,400,1987.619996
33445.555341,400,1989.854795
24335.308063,400,1990.617922
28332.919907,400,1991.379156
28834.866655,400,1992.140252
27653.920827,400,1992.904999
30599.757411,400,1995.127305
36572.489157,400,1996.005913
36561.350931,400,1996.646542
36566.400474,400,1997.286527
35836.861788,400,1997.92905
36161.557379,400,1998.572942
30782.512019,400,1999.337953
20656.399629,400,2000.101447
30514.123607,400,2000.859247
33113.468977,400,2001.620947
20636.329266,400,2003.862975
26466.424168,400,2004.631957
27647.13023,400,2005.402371
29593.746405,400,2006.173925
24319.725926,400,2006.941694
30903.292683,400,2009.215554
33981.615668,400,2009.993734
34187.919857,400,2010.771023
25950.584853,400,2011.550715
28559.916502,400,2012.328125
30088.038266,400,2014.579732
33046.7027,400,2015.338844
26416.570038,400,2016.098184
33348.233542,400,2016.860632
24185.160732,400,2017.625014
23858.863626,400,2019.845473
23953.087529,400,2020.604486
29449.393276,400,2021.363206
32538.347104,400,2022.124663
34380.182978,400,2022.886855
31299.260002,400,2025.12658
36359.367341,400,2026.014984
36564.257975,400,2026.659023
36154.671854,400,2027.307825
36563.732442,400,2027.95451
36247.786761,400,2028.605059
27820.582572,400,2029.384098
30897.268264,400,2030.156137
21340.479996,400,2030.929911
33863.551126,400,2031.701366
35212.030797,400,2033.968905
29987.843618,400,2034.741182
30910.87626,400,2035.513974
34285.344171,400,2036.285436
23007.195976,400,2037.058301
29273.245603,400,2037.828132
28450.795468,400,2040.100353
30309.273621,400,2040.878497
27005.654597,400,2041.655694
24216.308936,400,2042.43209
29528.116798,400,2043.20869
31114.070654,400,2045.475331
31932.178359,400,2046.246478
25007.874002,400,2047.02082
31009.171264,400,2047.793879
31310.385057,400,2048.563823
23848.70716,400,2050.807786
27935.182617,400,2051.568827
30264.455618,400,2052.330678
30963.876586,400,2053.087546
27521.245231,400,2053.846089
36442.187582,400,2054.723369
36550.02155,400,2055.357973
36449.011563,400,2055.995016
36562.292537,400,2056.633669
36442.167698,400,2057.270785
30495.055664,400,2059.494566
28350.683771,400,2060.253922
30710.524932,400,2061.014178
24452.830761,400,2061.776726
28178.720172,400,2062.539072
30913.529803,400,2064.771664
25475.255521,400,2065.545392
34073.468897,400,2066.315854
32635.877278,400,2067.086797
30684.267629,400,2067.856933
24441.512114,400,2070.108132
28344.071753,400,2070.870975
34279.139062,400,2071.631056
32520.367258,400,2072.395965
33656.648615,400,2073.157256
31733.436526,400,2075.386245
29491.536122,400,2076.145209
33375.385315,400,2076.905079
31415.289474,400,2077.664837
27958.879704,400,2078.426207
30184.496097,400,2080.671843
31711.151594,400,2081.443817
22612.376705,400,2082.214566
34595.388562,400,2082.985307
31419.389656,400,2083.755693
36442.390334,400,2084.640427
35069.529679,400,2085.285469
35905.42126,400,2085.932721
36554.730207,400,2086.578538
36114.119945,400,2087.225425
29572.021101,400,2088.003613
28357.459114,400,2090.27665
32953.773375,400,2091.047807
31820.653103,400,2091.816945
27527.338706,400,2092.583731
32041.587394,400,2093.35565
30606.556542,400,2095.622339
32961.208701,400,2096.402873
31065.842345,400,2097.181138
34475.094571,400,2097.958724
33164.572154,400,2098.736021
30179.190709,400,2101.026522
33545.899745,400,2101.808147
26272.590982,400,2102.585297
32226.340952,400,2103.364296
32332.826729,400,2104.137885
32624.625987,400,2106.413576
27671.339051,400,2107.183699
35707.422004,400,2107.953349
30031.213263,400,2108.728322
34053.443304,400,2109.497768
32765.987432,400,2111.754051
32716.37038,400,2112.524133
16907.957734,400,2113.293639
31114.978722,400,2114.064893
34908.178962,400,2114.946824
32769.856443,400,2115.592216
36327.841563,400,2116.239588
36549.599656,400,2116.884477
36561.972261,400,2117.529399
28344.587482,400,2118.305967
32539.484298,400,2120.55834
26382.086849,400,2121.328576
31712.903772,400,2122.09977
23447.087747,400,2122.869938
28029.511044,400,2123.638699
24729.192717,400,2125.883495
32448.374066,400,2126.640949
30305.711518,400,2127.39995
31404.825489,400,2128.155729
32520.709751,400,2128.914412
29069.991553,400,2131.152845
34282.685268,400,2131.929235
34578.133277,400,2132.700053
26641.394977,400,2133.469805
32433.075766,400,2134.243097
24978.749255,400,2135.014388
32026.114479,400,2137.279789
32162.750379,400,2138.053045
21108.428426,400,2138.825913
31513.199283,400,2139.596336
27827.074703,400,2140.366179
25460.546286,400,2142.625077
29782.5799,400,2143.396982
35616.835763,400,2144.168524
36026.169041,400,2145.048489
36331.437037,400,2145.690979
36152.191705,400,2146.334265
36250.127793,400,2146.981159
36559.94626,400,2147.627301
33466.991632,400,2148.402328
20472.739163,400,2149.174197
30102.456802,400,2151.419298
22800.613968,400,2152.181003
25376.378461,400,2152.942807
30189.024636,400,2153.705474
29477.380501,400,2154.46594
35212.756827,400,2156.698063
26094.551798,400,2157.457039
35811.363664,400,2158.216229
31393.238641,400,2158.979425
30797.442481,400,2159.740539
34077.302026,400,2161.978095
30702.118014,400,2162.74142
26116.886169,400,2163.499747
30645.535081,400,2164.259428
32745.632177,400,2165.019589
31423.692107,400,2167.271647
33555.961789,400,2168.043009
27915.920803,400,2168.813127
30479.977534,400,2169.585516
30144.887745,400,2170.355553
28655.402611,400,2172.623567
32006.735823,400,2173.393756
26098.565622,400,2174.16295
6460.833622,400,2175.045021
-1072.076722,400,2175.690274
36014.572475,400,2176.333232
16564.052069,400,2176.978729
16913.744925,400,2177.623134
30181.344769,400,2178.3998
32138.116992,400,2179.168754
35709.691806,400,2181.433475
26691.70971,400,2182.204488
31417.83722,400,2182.973912
28329.978909,400,2183.74604
25990.569179,400,2184.51832
23634.204786,400,2186.788397
31600.346425,400,2187.56649
29558.656522,400,2188.345224
26660.20682,400,2189.123926
19544.193513,400,2189.90051
34890.776148,400,2190.678796
34695.271193,400,2192.968109
30697.184327,400,2193.745766
31312.406019,400,2194.523498
33858.240259,400,2195.300285
33770.7535,400,2196.078272
33063.775384,400,2198.36973
31710.191113,400,2199.14739
34173.339019,400,2199.925239
31096.370898,400,2200.700561
33642.076001,400,2201.47845
24464.37981,400,2203.750037
29374.626827,400,2204.521554
34271.659986,400,2205.403666
18990.683404,400,2206.045321
4781.259869,400,2206.692434
25728.011348,400,2207.338493
-1531.967334,400,2207.984596
34277.647219,400,2208.761379
30263.445609,400,2209.532809
31609.616124,400,2210.301831
32736.17866,400,2212.551107
27937.029581,400,2213.309892
26399.665803,400,2214.067881
32212.789298,400,2214.82833
28735.523275,400,2215.589114
30679.562512,400,2217.810041
33368.076454,400,2218.569771
32025.961986,400,2219.330666
32238.55803,400,2220.087295
32753.285072,400,2220.844967
27516.917428,400,2223.08572
30240.760446,400,2223.862638
34589.846348,400,2224.636693
30809.766681,400,2225.412523
32434.008412,400,2226.187855
22309.09514,400,2228.455014
30096.306155,400,2229.211551
31321.492991,400,2229.969666
31639.873662,400,2230.727312
32551.400669,400,2231.487188
32628.651272,400,2233.708623
31712.619635,400,2234.465336
-942.809476,400,2235.341278
36539.058874,400,2235.975672
34164.811229,400,2236.610286
-1054.820963,400,2237.246845
36226.206725,400,2237.881362
30796.605295,400,2238.643612
28855.70223,400,2239.399731
32139.752462,400,2240.156675
34189.018025,400,2240.915219
28527.180582,400,2243.144321
33767.111834,400,2243.906178
36009.130585,400,2244.668
32431.764785,400,2245.428107
29035.574919,400,2246.191097
35498.872964,400,2248.423549
35191.678187,400,2249.185565
31016.790995,400,2249.949833
34890.519706,400,2250.71235
29667.462133,400,2251.474072
31088.004962,400,2253.707458
27609.864541,400,2254.469826
29362.43432,400,2255.232563
32211.840759,400,2255.993065
33530.601272,400,2256.754616
33067.364936,400,2258.992447
29679.435264,400,2259.756458
33358.196171,400,2260.518948
30279.496247,400,2261.279785
34990.660918,400,2262.043205
31532.997522,400,2264.288064
29848.994635,400,2265.168733
-1266.54719,400,2265.815733
-869.626539,400,2266.463141
-835.468968,400,2267.108221
431.760967,400,2267.75528
27679.366651,400,2268.526933
22253.470144,400,2269.296489
27216.886333,400,2270.066922
30362.392143,400,2270.837726
31631.043271,400,2273.093564
35195.167194,400,2273.863937
31912.033761,400,2274.632784
29844.131988,400,2275.402646
29166.705899,400,2276.171849
33046.44985,400,2278.423631
31911.927706,400,2279.193177
31577.676016,400,2279.963588
29187.639187,400,2280.737651
35189.848736,400,2281.508825
34485.031978,400,2283.748283
35310.515939,400,2284.509799
25735.773803,400,2285.269607
33460.737521,400,2286.025798
31802.039259,400,2286.786576
26047.375323,400,2287.548313
25668.459488,400,2289.775154
28252.396065,400,2290.534033
32633.490474,400,2291.292143
34892.73653,400,2292.049436
32963.077341,400,2292.807717
-727.339558,400,2293.684674
-1115.708146,400,2294.323893
36432.428464,400,2294.962719
36433.388486,400,2295.599059
-1908.942485,400,2296.236488
27838.391183,400,2298.480408
30991.471107,400,2299.239474
34672.323334,400,2299.995724
28415.791728,400,2300.755421
32928.061443,400,2301.513335
33171.177822,400,2303.762295
31317.681592,400,2304.537585
33268.077827,400,2305.316109
34790.009281,400,2306.093829
28017.080443,400,2306.871478
25060.360866,400,2309.143209
33854.535683,400,2309.912151
30502.8796,400,2310.68391
33346.5621,400,2311.458331
30169.69466,400,2312.230763
33347.003093,400,2314.503125
35510.67204,400,2315.282385
34280.927357,400,2316.060196
29252.606801,400,2316.837563
32725.28526,400,2317.616474
35399.986012,400,2319.904455
32954.105295,400,2320.681359
29859.550812,400,2321.460861
30378.745412,400,2322.240681
31812.462421,400,2323.022983
-714.672062,400,2323.912248
36330.893,400,2324.566008
-960.604475,400,2325.217987
-717.923058,400,2325.872473
36435.780277,400,2326.52672
29585.719671,400,2328.821959
33681.007801,400,2329.598933
34157.113294,400,2330.378273
24217.478248,400,2331.157104
29848.265613,400,2331.933627
32577.671717,400,2334.216782
32852.448868,400,2334.994415
33059.570643,400,2335.770979
29105.204008,400,2336.549164
20906.229155,400,2337.324716
32231.586118,400,2339.60345
33455.540965,400,2340.381074
32441.990641,400,2341.159058
33234.952735,400,2341.938885
32194.04817,400,2342.716497
33863.394869,400,2343.492092
31894.534538,400,2345.783528
30282.558962,400,2346.55985
33965.133049,400,2347.337052
25421.353052,400,2348.117349
35910.441645,400,2348.893351
31720.131597,400,2351.173007
29146.300228,400,2351.943021
33767.72757,400,2352.712531
21564.635049,400,2353.484628
-810.898533,400,2354.368972
12844.569896,400,2355.013918
7449.095203,400,2355.657275
2426.35042,400,2356.303167
24100.346675,400,2356.948394
32753.680424,400,2357.731398
31310.616312,400,2359.973808
33150.941731,400,2360.733297
30190.018828,400,2361.494794
33556.339977,400,2362.253103
32402.509882,400,2363.01297
32839.48682,400,2365.241525
34085.810037,400,2366.001832
35492.921728,400,2366.761133
32438.48294,400,2367.519836
32444.143965,400,2368.278479
33147.198237,400,2370.502354
32941.083868,400,2371.261574
33355.677551,400,2372.019567
31969.972413,400,2372.782279
35295.929458,400,2373.53966
32523.752757,400,2375.763834
33784.182648,400,2376.52362
32932.054205,400,2377.280049
35590.955439,400,2378.041122
36020.881793,400,2378.799617
34075.142402,400,2381.042924
32331.708848,400,2381.816331
29564.576763,400,2382.586727
30348.832296,400,2383.358143
2511.710111,400,2384.244265
-1132.757402,400,2384.886309
-684.28574,400,2385.531101
-989.38245,400,2386.174105
34226.402665,400,2386.819081
35077.43167,400,2387.591595
28020.402391,400,2389.855586
34281.818619,400,2390.625235
35416.210497,400,2391.398407
33674.777831,400,2392.16687
33973.927432,400,2392.937045
31838.654543,400,2393.709248
33739.174008,400,2395.973406
34558.923503,400,2396.753221
34695.78258,400,2397.530331
32749.674776,400,2398.307301
31625.988387,400,2399.087155
34581.581315,400,2401.367146
30797.305018,400,2402.138863
32295.288562,400,2402.907283
33038.076769,400,2403.679505
31192.800723,400,2404.45183
34363.061702,400,2406.68057
29130.326832,400,2407.441902
29964.898675,400,2408.202774
33873.17556,400,2408.960356
33676.906951,400,2409.718789
34287.287372,400,2411.946988
33876.471522,400,2412.707464
32843.614422,400,2413.468799
24103.457261,400,2414.345674
11446.243817,400,2414.982635
13729.203942,400,2415.619814
-636.308059,400,2416.257644
31694.014024,400,2416.895565
32821.672768,400,2417.661961
32941.878794,400,2418.419008
30910.228239,400,2420.652663
35608.216792,400,2421.415491
34998.465735,400,2422.175527
31518.687509,400,2422.937378
31704.312459,400,2423.701746
34685.386309,400,2425.954076
34177.148918,400,2426.729511
30498.387233,400,2427.505904
32961.779054,400,2428.282197
32859.392938,400,2429.06181
31088.532292,400,2431.343284
30294.65307,400,2432.124412
30160.938263,400,2432.899567
33248.018173,400,2433.678629
35398.676996,400,2434.456039
32634.39794,400,2436.737023
33881.743488,400,2437.515121
34172.853971,400,2438.29571
33559.758426,400,2439.072409
30992.222121,400,2439.85141
30708.29687,400,2440.630903
32223.266015,400,2442.903949
33055.45929,400,2443.671281
11762.711762,400,2444.554576
32137.000045,400,2445.199177
-631.851456,400,2445.845115
36456.787208,400,2446.491996
-497.016843,400,2447.137701
34067.604085,400,2447.912657
32930.909619,400,2448.680849
31709.26823,400,2449.453727
34128.68527,400,2451.705624
33364.031939,400,2452.47907
34490.445155,400,2453.249743
33665.208678,400,2454.016459
29585.043257,400,2454.787821
33870.889574,400,2457.049129
31732.24189,400,2457.818555
32643.002423,400,2458.587902
33452.102962,400,2459.358104
29563.85957,400,2460.128358
34899.078653,400,2462.374538
34980.880918,400,2463.132468
34566.596635,400,2463.895765
35115.926638,400,2464.653253
31806.51004,400,2465.410897
34070.48324,400,2467.63894
29072.294673,400,2468.393785
30168.722697,400,2469.152525
30270.950843,400,2469.911935
34480.919646,400,2470.66836
26818.316666,400,2472.897488
32924.539608,400,2473.660774
25001.556642,400,2474.536664
24442.332617,400,2475.171926
21636.113371,400,2475.810345
20352.842259,400,2476.448065
23421.720882,400,2477.084398
31203.861651,400,2477.849455
33870.796489,400,2478.611247
28134.86125,400,2479.372112
34478.877659,400,2481.619737
33779.917618,400,2482.389682
34992.3479,400,2483.160183
35905.338383,400,2483.929756
32425.22308,400,2484.697056
33147.42664,400,2486.948099
34043.270681,400,2487.719214
33659.155889,400,2488.488173
32947.830473,400,2489.258969
31003.122576,400,2490.029451
33352.851972,400,2492.270134
32121.56477,400,2493.032095
34472.61181,400,2493.790468
34989.255881,400,2494.551498
22565.107623,400,2495.311847
31286.806926,400,2496.071805
35513.805652,400,2498.29483
29686.894326,400,2499.055809
31533.371507,400,2499.814805
32647.531107,400,2500.573573
35192.012706,400,2501.331513
33360.008262,400,2503.577566
18295.048283,400,2504.457346
25535.118577,400,2505.097909
36551.545554,400,2505.74094
36562.086035,400,2506.38322
34302.52213,400,2507.026248
32013.025504,400,2507.802213
34377.448736,400,2508.574479
32958.999864,400,2509.344473
32638.773679,400,2510.113779
31968.359568,400,2512.352717
34263.555158,400,2513.11163
33240.558233,400,2513.871534
33548.170028,400,2514.629721
29954.793257,400,2515.390646
35603.549044,400,2517.623841
34975.232411,400,2518.383893
32028.029206,400,2519.145092
35086.480743,400,2519.905628
30613.423836,400,2520.664936
34364.493381,400,2522.897276
35304.308539,400,2523.657445
36106.791361,400,2524.418101
34584.488897,400,2525.178934
25742.860244,400,2525.940721
32426.308688,400,2528.171531
31589.341388,400,2528.931179
35293.444327,400,2529.6935
35181.787566,400,2530.450481
24321.33757,400,2531.211438
33264.352314,400,2533.442457
36562.41222,400,2534.319056
36451.692553,400,2534.956491
36561.714495,400,2535.590459
33083.336602,400,2536.225384
36559.572306,400,2536.860941
32229.057538,400,2537.624285
34893.436223,400,2538.38526
30081.062516,400,2539.142406
35405.304068,400,2539.902709
30188.751829,400,2542.132297
34985.307897,400,2542.889129
32537.646089,400,2543.649031
34282.495992,400,2544.406266
31010.329397,400,2545.164761
33653.393808,400,2545.921673
29365.744479,400,2548.177814
35303.437567,400,2548.946764
28561.889467,400,2549.717258
34473.033542,400,2550.489491
28948.23351,400,2551.259093
33271.688762,400,2553.491387
33347.869735,400,2554.249893
34078.689221,400,2555.010859
36115.616534,400,2555.769899
28244.410051,400,2556.532196
32538.46645,400,2558.761262
30906.698355,400,2559.524504
28865.096468,400,2560.288112
30332.902878,400,2561.049352
31917.850602,400,2561.809899
36558.960254,400,2562.687443
36458.981761,400,2563.328427
36570.910643,400,2563.969007
35546.347258,400,2564.608039
36560.32748,400,2565.247403
34701.10254,400,2567.505038
35715.251081,400,2568.276686
33054.422903,400,2569.049759
31295.041585,400,2569.819403
31411.773837,400,2570.589772
32528.46914,400,2572.861626
34173.774379,400,2573.639117
32013.301713,400,2574.417578
34770.816543,400,2575.195633
31206.050823,400,2575.97755
36227.280782,400,2578.258447
35911.490717,400,2579.03808
33149.541098,400,2579.813747
34892.653513,400,2580.590348
35598.489401,400,2581.367212
32611.752051,400,2583.637568
35092.940509,400,2584.410549
36020.35229,400,2585.177749
32715.033361,400,2585.946732
30776.090423,400,2586.716204
35708.718724,400,2588.973293
31829.411075,400,2589.743922
32231.442405,400,2590.516994
35599.657491,400,2591.28685
35286.197073,400,2592.055331
36250.398376,400,2592.938502
36151.078172,400,2593.584372
36443.399571,400,2594.229193
36448.564636,400,2594.875439
35728.176691,400,2595.519154
34690.108235,400,2596.291574
31829.111557,400,2598.539218
34264.322349,400,2599.299414
32222.321652,400,2600.063126
32442.720906,400,2600.824707
32524.52681,400,2601.586187
32510.231543,400,2603.817329
28539.040641,400,2604.577242
32745.935721,400,2605.335544
32749.252268,400,2606.096736
34287.626425,400,2606.854764
34999.35895,400,2609.079253
32325.057849,400,2609.840726
31260.012169,400,2610.601624
30374.472129,400,2611.365415
36218.170076,400,2612.12789
35281.618864,400,2614.373054
33339.630903,400,2615.144123
33760.666048,400,2615.914024
30725.219951,400,2616.68356
35092.76072,400,2617.45622
30883.462294,400,2619.716278
33665.056948,400,2620.485723
32028.061901,400,2621.253313
34449.574006,400,2622.024529
36560.611289,400,2622.909007
34925.559334,400,2623.556803
34834.102391,400,2624.203966
36458.476275,400,2624.851028
35659.921408,400,2625.499775
33440.287317,400,2626.278812
34591.921894,400,2628.555962
34372.589502,400,2629.327106
34490.753501,400,2630.097349
33465.426379,400,2630.871469
34676.69046,400,2631.63948
35692.536296,400,2633.900493
33457.6158,400,2634.670774
34782.753434,400,2635.442445
33977.021549,400,2636.212745
31031.316375,400,2636.978617
32534.419419,400,2639.227616
33135.509765,400,2639.987758
34569.82955,400,2640.746113
34053.559355,400,2641.507005
31390.404797,400,2642.267626
33951.60125,400,2644.491935
30591.92631,400,2645.252071
29665.885314,400,2646.01124
32629.124239,400,2646.773032
28038.432792,400,2647.53372
32235.858249,400,2648.292817
35907.972329,400,2650.562235
33464.218878,400,2651.341733
28509.50514,400,2652.118091
36253.780087,400,2653.010262
34929.454781,400,2653.661114
36459.197164,400,2654.312516
36467.16929,400,2654.966422
36563.733173,400,2655.616523
34063.344359,400,2656.396853
33756.492179,400,2657.176592
33656.710455,400,2659.461807
36208.303616,400,2660.241199
34577.100608,400,2661.020557
35293.410901,400,2661.79682
35698.089156,400,2662.574526
32431.014629,400,2664.85726
29997.741366,400,2665.636631
32529.831888,400,2666.411844
32536.09799,400,2667.187335
34285.110511,400,2667.962669
33348.445849,400,2670.241892
31431.907639,400,2671.020073
34058.059451,400,2671.797046
30189.743063,400,2672.574083
30806.232479,400,2673.353751
31002.889187,400,2675.603592
30380.846596,400,2676.359694
33561.662924,400,2677.115979
33569.709794,400,2677.876788
32327.793953,400,2678.639041
34378.22918,400,2680.865042
30762.609647,400,2681.62699
34064.780648,400,2682.387817
35316.734504,400,2683.267164
36564.288124,400,2683.905228
36460.32845,400,2684.544267
27333.79588,400,2685.183825
24422.015789,400,2685.82357
33862.274137,400,2686.597836
25051.196792,400,2687.358428
33154.852309,400,2689.616521
35700.892071,400,2690.392177
32554.470098,400,2691.17025
30270.726638,400,2691.949212
33876.727733,400,2692.726474
34268.712819,400,2695.005591
33556.861088,400,2695.781582
34261.411915,400,2696.559221
34067.710616,400,2697.339422
35312.07783,400,2698.115408
29534.660157,400,2698.891982
34268.187841,400,2701.175706
32752.189151,400,2701.950865
35905.973496,400,2702.728649
28423.12852,400,2703.50599
35394.441155,400,2704.28512
32429.42012,400,2706.530092
34788.044732,400,2707.287638
33739.405087,400,2708.048741
35709.363101,400,2708.805834
36019.880316,400,2709.563577
33556.886838,400,2711.816018
32752.718863,400,2712.59492
29569.102638,400,2713.485063
36233.045961,400,2714.136534
36452.42208,400,2714.788935
36329.008641,400,2715.435471
36563.18443,400,2716.083761
35710.42924,400,2716.867576
31808.668937,400,2717.646676
33048.252722,400,2718.42394
35291.824847,400,2720.711274
35993.872288,400,2721.487042
32940.163492,400,2722.266049
36208.85863,400,2723.046055
34887.164208,400,2723.823948
34172.972854,400,2726.080503
30570.932039,400,2726.841222
32310.988481,400,2727.598797
30466.863667,400,2728.35784
34179.834306,400,2729.119988
33775.461853,400,2731.342196
33358.47528,400,2732.103253
34883.208368,400,2732.861895
31508.247062,400,2733.616991
34178.722276,400,2734.372228
34363.672167,400,2736.592448
34484.166597,400,2737.35093
34269.507358,400,2738.111926
29440.129279,400,2738.871703
34685.151143,400,2739.628829
35918.244977,400,2741.851948
30942.314632,400,2742.60999
35506.633001,400,2743.489331
36565.061942,400,2744.125639
36547.174974,400,2744.763258
35302.471311,400,2745.399199
36326.90968,400,2746.036933
33236.385103,400,2746.803531
36124.800782,400,2747.564326
32227.713529,400,2748.327983
35405.85445,400,2749.088579
30577.413207,400,2751.339621
34167.42426,400,2752.105505
35608.305672,400,2752.86951
33863.079362,400,2753.638111
35189.45766,400,2754.407689
33161.455009,400,2756.668433
34788.890365,400,2757.436384
34682.665288,400,2758.203253
35500.285075,400,2758.973343
35304.129729,400,2759.741384
33452.885781,400,2761.987217
35499.146309,400,2762.747353
30887.67471,400,2763.507101
33251.149184,400,2764.266954
34078.464973,400,2765.024938
34063.554528,400,2767.245395
33129.502108,400,2768.000535
33046.577067,400,2768.757223
33759.907421,400,2769.511571
35817.717055,400,2770.266878
35810.061649,400,2772.487139
36567.220663,400,2773.359837
36464.42892,400,2773.995098
36542.263224,400,2774.631759
35650.407603,400,2775.267346
36566.25295,400,2775.901668
33968.111937,400,2776.663268
36323.408014,400,2777.419338
34173.9881,400,2778.17624
34997.422728,400,2778.936301
32431.896671,400,2781.171108
31507.118811,400,2781.943069
33637.467339,400,2782.711611
33460.134254,400,2783.482136
35698.547239,400,2784.254552
35503.016567,400,2786.485291
33359.468202,400,2787.245366
32827.835779,400,2788.006588
31217.370947,400,2788.764434
32002.48272,400,2789.523778
33949.557196,400,2791.741945
33763.33339,400,2792.499665
35096.228856,400,2793.257528
33327.983117,400,2794.016082
33134.199349,400,2794.774397
34070.762014,400,2797.025104
33665.052778,400,2797.805454
34993.105992,400,2798.584068
34672.35297,400,2799.365945
35907.122146,400,2800.146056
32313.358087,400,2800.924601
36333.747667,400,2801.81782
36137.134739,400,2802.466796
36564.381832,400,2803.117887
36465.386107,400,2803.771629
36459.702304,400,2804.422008
35188.484959,400,2806.703288
33556.889853,400,2807.479666
33058.374476,400,2808.25643
35701.754023,400,2809.034432
34065.85523,400,2809.811051
33356.191076,400,2812.074749
35287.451742,400,2812.846045
34876.226193,400,2813.615396
35818.005274,400,2814.38439
33254.778287,400,2815.155387
36115.67009,400,2817.394791
35914.628922,400,2818.15194
32219.495967,400,2818.911191
33954.965361,400,2819.669962
35721.684725,400,2820.428681
31878.692474,400,2822.647937
34559.501877,400,2823.405361
33949.886954,400,2824.161366
32926.288118,400,2824.91926
34885.573122,400,2825.680609
33147.709322,400,2827.901095
31711.063265,400,2828.661999
33257.996666,400,2829.423025
34173.266404,400,2830.181608
35299.13872,400,2830.941595
36561.872204,400,2831.818169
36570.918714,400,2832.455528
36127.855383,400,2833.09627
34850.293513,400,2833.733965
36442.02232,400,2834.372147
34058.681364,400,2836.596797
34485.845283,400,2837.357621
36105.940015,400,2838.118386
34252.365861,400,2838.881966
33564.223991,400,2839.644361
35810.02207,400,2841.890576
32725.699044,400,2842.662886
34888.411097,400,2843.431409
34892.325264,400,2844.203852
31725.030512,400,2844.972744
35707.503315,400,2847.227734
28522.962787,400,2847.998752
34789.024265,400,2848.770143
35382.450848,400,2849.540736
33455.273063,400,2850.313966
33868.824174,400,2851.087713
35814.932468,400,2853.322551
34573.85063,400,2854.081718
36012.607798,400,2854.840245
34887.117082,400,2855.600759
31526.159118,400,2856.361767
34268.431511,400,2858.610327
34981.83274,400,2859.383011
33043.748005,400,2860.156219
34567.00059,400,2860.930448
36264.436816,400,2861.816282
36463.755853,400,2862.461791
36562.122121,400,2863.110165
36351.655978,400,2863.755829
36453.493068,400,2864.402347
32220.193485,400,2865.181583
31402.069505,400,2867.419538
36127.457944,400,2868.180666
33342.869647,400,2868.941664
31618.03411,400,2869.698652
31611.723641,400,2870.459519
32025.050286,400,2872.677862
29666.274046,400,2873.43978
31805.970168,400,2874.197784
28757.072739,400,2874.957272
32648.964512,400,2875.715312
34590.660254,400,2877.973795
35089.726541,400,2878.752713
33961.380929,400,2879.533166
34785.068947,400,2880.311136
32534.792493,400,2881.086536
36220.025224,400,2883.334451
34482.536924,400,2884.094841
22650.72353,400,2884.853138
35400.483773,400,2885.609913
34780.768969,400,2886.367655
34685.037529,400,2888.588266
34784.804824,400,2889.348969
35587.611984,400,2890.108211
34792.200462,400,2890.867364
36463.743248,400,2891.745137
36464.68011,400,2892.382546
34909.590018,400,2893.020461
36564.781232,400,2893.658649
36459.273437,400,2894.29931
36019.541741,400,2895.064558
32842.495324,400,2897.283481
35281.443416,400,2898.045871
35302.525277,400,2898.808431
33773.882353,400,2899.573026
33245.233104,400,2900.336977
32433.310017,400,2901.100662
29956.999325,400,2903.329967
31272.201269,400,2904.091055
33052.046912,400,2904.854885
31704.453952,400,2905.617912
33351.731855,400,2906.380635
35292.44638,400,2908.627801
33839.282868,400,2909.399136
31504.582934,400,2910.170796
32847.524176,400,2910.944582
30977.285801,400,2911.71721
30273.676378,400,2913.985785
34877.932025,400,2914.761165
33647.099906,400,2915.538061
32544.379333,400,2916.315122
34786.977645,400,2917.093581
35392.595364,400,2919.361037
33401.337555,400,2920.130744
25163.579101,400,2920.900357
36565.496106,400,2921.784826
34741.389896,400,2922.433163
34822.667133,400,2923.078676
36563.244193,400,2923.724364
36567.10872,400,2924.369958
33347.137663,400,2925.147635
35194.199534,400,2925.917438
33146.639212,400,2928.180063
34376.881259,400,2928.959634
34271.706311,400,2929.739078
31520.332848,400,2930.522205
31525.434846,400,2931.302288
34480.380944,400,2933.576121
35506.638264,400,2934.348108
34997.066672,400,2935.120379
34596.949926,400,2935.889643
34583.642836,400,2936.66043
33669.486168,400,2938.897825
34992.753967,400,2939.657408
35284.321588,400,2940.417236
33561.699857,400,2941.176823
33252.490073,400,2941.935605
35296.05918,400,2944.176852
34371.945891,400,2944.948998
35594.123614,400,2945.725559
34280.955668,400,2946.495445
32101.386379,400,2947.268195
35089.575934,400,2949.511887
34067.828136,400,2950.274016
35919.180006,400,2951.037695
36226.032798,400,2951.917293
36562.424194,400,2952.557358
36563.587831,400,2953.197536
36554.622456,400,2953.837267
36560.208524,400,2954.478743
33766.360948,400,2955.257886
33962.519622,400,2956.020663
34076.546851,400,2956.785995
31115.55065,400,2959.021026
34165.233876,400,2959.780753
33457.850089,400,2960.543329
34480.698895,400,2961.307417
32847.642388,400,2962.069887
34878.824755,400,2964.328434
33870.099953,400,2965.10094
34995.778887,400,2965.872019
35397.936078,400,2966.645982
34490.457383,400,2967.417281
35702.051243,400,2969.680146
36219.107398,400,2970.449158
34687.589747,400,2971.219393
34577.178105,400,2971.989335
33657.280544,400,2972.762259
35094.011513,400,2975.039457
29651.44249,400,2975.819463
35595.142898,400,2976.602951
31409.118397,400,2977.382675
34992.907039,400,2978.164989
34881.729873,400,2980.447627
34170.763853,400,2981.225788
25781.240587,400,2982.114554
21342.131253,400,2982.76461
28302.778165,400,2983.418241
36554.361496,400,2984.073426
27497.391848,400,2984.723987
33031.252281,400,2985.510293
33440.958534,400,2986.287298
29447.930655,400,2987.066849
