#{"t_start": 1612173300.4992778, "env_id": "TargetReachingUR5-v0"}
r,l,t
-1152.407447,400,2.393447
-815.410613,400,3.136233
-738.569077,400,3.880891
-709.94661,400,4.630833
-686.683158,400,5.371119
-757.464038,400,7.572842
-985.241003,400,8.297729
-1625.470959,400,9.0275
-924.71398,400,9.763576
-756.557194,400,10.493997
-745.807098,400,12.679564
-2110.542469,400,13.413261
-878.426433,400,14.146196
-708.165889,400,14.893143
-1241.016324,400,15.631795
792.004907,400,17.829821
-2846.28141,400,18.566866
-682.026787,400,19.303912
-2299.718589,400,20.054229
-3025.033479,400,20.793944
-814.587546,400,22.964784
-829.395761,400,23.68965
-1342.174108,400,24.41476
-1026.265496,400,25.153024
-705.0767,400,25.878322
-184.747144,400,26.716647
-224.794107,400,27.315509
-176.20297,400,27.915043
-248.723455,400,28.5161
-212.472464,400,29.115926
-922.173665,400,31.286221
-3477.062465,400,32.033311
-860.573749,400,32.782033
-776.645774,400,33.528553
-1057.131097,400,34.278322
-1071.795881,400,36.493185
-820.15669,400,37.232301
-1071.758396,400,37.976158
-1200.021035,400,38.716831
-2563.326914,400,39.464181
-900.242308,400,41.679525
-759.078257,400,42.420289
-941.528013,400,43.161499
-708.216688,400,43.902959
-885.708109,400,44.673954
-679.402778,400,46.916941
-666.851808,400,47.665123
-950.558958,400,48.413377
-963.412522,400,49.163807
-611.176481,400,49.949674
-787.184205,400,50.729099
-686.615749,400,52.915652
-725.470376,400,53.656139
-909.731332,400,54.396966
-750.093567,400,55.161682
-421.254057,400,56.02655
-220.995102,400,56.653444
-417.646859,400,57.289483
-304.791452,400,57.924326
-259.659785,400,58.554762
-862.268324,400,59.330897
-738.140644,400,61.489014
-646.57165,400,62.224664
-907.422199,400,62.967399
-740.960837,400,63.724993
-717.910266,400,64.487659
-782.300222,400,66.644984
-825.703965,400,67.376099
-679.578642,400,68.113886
-856.826274,400,68.873641
-697.122031,400,69.635852
-867.906305,400,71.806087
-857.897843,400,72.539605
-741.56331,400,73.272635
-908.514741,400,74.019597
-674.223185,400,74.779932
-994.61859,400,76.944491
-656.048801,400,77.669719
-806.080879,400,78.3979
-689.771747,400,79.139978
-800.684508,400,79.897989
-706.965725,400,82.069937
-670.840678,400,82.79914
-748.345001,400,83.532811
-712.722179,400,84.275805
-260.827201,400,85.127237
-243.627767,400,85.752003
-299.215111,400,86.376003
-225.407809,400,87.002512
-141.015863,400,87.628375
-726.593623,400,88.397733
-723.268095,400,90.60446
-807.371018,400,91.324819
-638.335558,400,92.047567
-871.906881,400,92.786064
-799.650738,400,93.546846
-740.224243,400,95.705026
-665.111573,400,96.427826
-765.574453,400,97.150542
-680.85456,400,97.886827
-785.753654,400,98.647106
-643.312507,400,99.410169
-704.936671,400,101.536858
-721.694869,400,102.261168
-751.799629,400,102.994864
-633.136194,400,103.755048
-1111.077017,400,104.516029
-769.23941,400,106.640394
-667.192626,400,107.361959
-882.193883,400,108.090628
-648.952437,400,108.848058
-754.453425,400,109.606731
-691.95049,400,111.738134
-841.005464,400,112.458318
-730.95438,400,113.18676
-179.151261,400,114.033069
-258.287064,400,114.657538
-220.077979,400,115.280123
-200.769039,400,115.90404
-1482.289711,400,116.53091
-671.292574,400,117.300509
-811.379597,400,118.059075
-710.852439,400,120.194683
-798.040564,400,120.922698
-855.977995,400,121.645194
-830.033508,400,122.400406
-677.205651,400,123.158768
-641.346272,400,125.329292
-695.608704,400,126.065801
-599.146828,400,126.798053
-650.752108,400,127.565509
-781.452782,400,128.333183
-636.769618,400,130.509671
-631.7857,400,131.238559
-742.183703,400,131.964949
-793.007648,400,132.713992
-656.288196,400,133.47288
-682.308622,400,135.662966
-678.073204,400,136.402389
-816.385744,400,137.141677
-684.979598,400,137.906776
-667.074086,400,138.684294
-706.278109,400,140.894576
-661.932974,400,141.63479
-662.623261,400,142.377346
-1830.476238,400,143.226571
-2490.962275,400,143.865877
-4890.736274,400,144.506671
-3745.290059,400,145.152378
-893.203619,400,145.789855
-650.357737,400,146.572183
-653.544592,400,147.348212
-846.266684,400,148.126217
-740.861665,400,150.299022
-687.016071,400,151.0373
-697.321994,400,151.784333
-750.749183,400,152.567277
-625.423221,400,153.346646
-841.502091,400,155.534289
-736.733382,400,156.277789
-747.236859,400,157.033376
-657.087349,400,157.812416
-696.315501,400,158.593865
-653.2424,400,160.784657
-789.95286,400,161.525476
-760.510972,400,162.276693
-738.453833,400,163.059475
-655.494516,400,163.84076
-699.323139,400,166.033442
-660.853351,400,166.773073
-743.271862,400,167.517316
-821.534437,400,168.296741
-834.574167,400,169.076102
-966.349944,400,171.279443
-637.981666,400,172.015876
-5303.5344,400,172.866726
-839.283852,400,173.482876
-8828.689646,400,174.134156
-1246.623573,400,174.770987
-15077.174296,400,175.420588
-790.363837,400,176.205294
-900.836506,400,176.984994
-3224.149011,400,177.769199
-774.538489,400,179.960868
-675.828974,400,180.687426
-915.98797,400,181.413415
-677.675604,400,182.164234
-700.311068,400,182.924761
-708.500693,400,185.089156
-675.753894,400,185.815644
-990.862959,400,186.540767
-1019.715289,400,187.293825
-777.251298,400,188.056167
-895.806874,400,190.244824
-691.973169,400,190.981665
-628.610676,400,191.716194
-662.11032,400,192.467847
-610.903804,400,193.240192
-893.960385,400,195.417961
-710.409916,400,196.139805
3742.514924,400,196.862634
-710.001464,400,197.60615
-680.699644,400,198.366764
-779.274958,400,199.1285
-698.854415,400,201.324645
-1213.009758,400,202.174804
-20402.305673,400,202.796123
-866.18362,400,203.418553
-24181.893891,400,204.067355
-934.513463,400,204.708211
-751.754839,400,205.490798
-720.326289,400,206.269921
-768.39774,400,207.0521
-688.464733,400,207.832145
-968.521435,400,210.013465
-639.121107,400,210.753591
-605.882069,400,211.508873
-619.481214,400,212.286957
-760.770949,400,213.065388
-691.624868,400,215.231018
-757.698247,400,215.953561
-743.363414,400,216.684353
-654.683006,400,217.446701
-612.596066,400,218.207139
-864.823005,400,220.349365
-662.328536,400,221.072797
-755.533762,400,221.79904
-524.044995,400,222.561451
-742.319583,400,223.324892
-705.999548,400,225.500451
-703.016043,400,226.238088
-845.610559,400,226.980443
-772.454365,400,227.760235
-583.698238,400,228.542376
12713.181587,400,230.745437
-3749.349676,400,231.593986
-4007.464764,400,232.205456
-3286.432563,400,232.815621
-230.009098,400,233.437163
-5914.993485,400,234.077271
-616.512616,400,234.856848
-714.136482,400,235.632601
-664.253707,400,236.402711
-680.366512,400,237.174634
-614.029241,400,239.410865
-686.212478,400,240.146929
-696.858055,400,240.882761
-601.194186,400,241.640065
-689.216446,400,242.409517
-840.758164,400,244.617798
-808.302551,400,245.350946
-692.251413,400,246.085737
-686.640171,400,246.84064
-674.16551,400,247.612511
-1310.035365,400,248.389707
-739.825285,400,250.529372
-600.978469,400,251.25252
-716.645411,400,251.993706
229.169732,400,252.753004
-699.8728,400,253.516657
-697.045764,400,255.673754
-705.978919,400,256.413297
-804.501876,400,257.173879
-731.821674,400,257.953805
-602.723575,400,258.733571
-1639.693043,400,259.607854
-6806.699778,400,260.256609
-2499.556068,400,260.90544
-592.466456,400,261.551392
-1226.84474,400,262.201278
-705.378749,400,264.382787
-691.15255,400,265.10526
-737.869143,400,265.842688
-717.761929,400,266.609205
-725.075753,400,267.371739
-635.558747,400,269.507788
-769.100513,400,270.23034
2051.812686,400,270.957025
-632.033074,400,271.723267
-727.804077,400,272.487319
-474.752892,400,274.636315
-656.262628,400,275.356767
-739.343376,400,276.082648
-729.806415,400,276.864477
-724.863195,400,277.671257
7489.184074,400,279.874023
-711.988483,400,280.614968
-765.752581,400,281.354818
-595.202755,400,282.128129
-302.822525,400,282.906885
-749.193336,400,285.118057
-690.7608,400,285.857582
-279.48108,400,286.600244
-701.609979,400,287.37202
-786.443405,400,288.150533
-811.15205,400,289.023271
-10418.696312,400,289.673596
-3906.868864,400,290.323808
-5416.989029,400,290.973632
-4864.940022,400,291.623699
-743.407894,400,293.842948
2133.095413,400,294.58204
-785.131413,400,295.322956
-761.161075,400,296.0895
-687.203919,400,296.869344
-737.734475,400,297.649771
-521.487428,400,299.828184
-635.211361,400,300.562165
-741.319331,400,301.303148
918.554507,400,302.074506
-701.415481,400,302.846917
2538.99997,400,304.984883
-636.921905,400,305.708373
-661.578656,400,306.452983
-704.054479,400,307.214188
4052.973773,400,307.97485
-719.75829,400,310.135578
-743.618816,400,310.864013
-655.540087,400,311.604011
-713.61313,400,312.36709
-772.45106,400,313.128042
-664.10448,400,315.275861
-1768.212513,400,316.011713
-750.839034,400,316.750911
-767.521037,400,317.524414
-616.593864,400,318.378149
-2719.627306,400,319.019211
-890.095488,400,319.649936
-835.375342,400,320.283406
2398.656548,400,320.914743
544.645667,400,321.695296
-791.927787,400,323.877613
-636.788545,400,324.610065
-745.536341,400,325.342167
-661.191428,400,326.116761
-627.269005,400,326.889958
-649.008513,400,329.05511
-823.260545,400,329.779112
-911.797848,400,330.499555
-676.555737,400,331.257905
-720.506201,400,332.017555
-753.254133,400,334.17035
-826.451798,400,334.89154
11271.576174,400,335.612175
-655.906012,400,336.36768
-661.864742,400,337.131711
-610.941241,400,339.340038
-735.005857,400,340.067287
-730.977157,400,340.794799
-730.030238,400,341.541077
-639.116933,400,342.305153
-696.351708,400,344.492299
13175.313803,400,345.226242
-695.923643,400,345.963961
-673.960195,400,346.718658
-437.539375,400,347.578435
-516.423476,400,348.214213
-511.445719,400,348.846174
-496.306494,400,349.487221
-451.696715,400,350.119366
-646.097387,400,350.906223
-740.992359,400,351.67906
-653.325458,400,353.864227
-890.905138,400,354.590141
-864.286324,400,355.334797
-1230.169677,400,356.10014
-755.608963,400,356.864156
-622.980086,400,359.022741
-643.356807,400,359.765861
-820.659732,400,360.524856
-800.642011,400,361.305338
-715.155748,400,362.084919
-666.352171,400,364.284772
-834.424502,400,365.027198
-633.887949,400,365.777272
-671.784135,400,366.559098
-820.827552,400,367.337296
-659.005983,400,369.538814
-635.4366,400,370.281598
-744.995062,400,371.02625
-770.355749,400,371.807554
-219.384677,400,372.589886
-634.358571,400,374.785983
-721.713347,400,375.520112
57.2813,400,376.252804
-552.333532,400,377.109145
-438.624424,400,377.743028
-447.955548,400,378.376154
-425.986965,400,379.009971
1265.762629,400,379.645126
-673.168813,400,380.434695
-827.4368,400,381.210023
-626.248664,400,383.393861
-635.265915,400,384.117336
-703.536635,400,384.841111
-623.279275,400,385.606501
-1073.457273,400,386.368672
-6.251555,400,388.532827
-677.559798,400,389.259668
-786.829996,400,389.984102
-773.468255,400,390.74057
-792.909082,400,391.503753
-684.656308,400,393.671387
-780.074341,400,394.392773
-862.277323,400,395.114182
-631.922696,400,395.866939
-897.807548,400,396.629198
-758.884518,400,397.39035
-961.061489,400,399.545857
-680.068985,400,400.289163
-613.234675,400,401.054918
-713.074266,400,401.837535
-771.01437,400,402.619646
-618.616132,400,404.809679
-623.271858,400,405.554873
923.835506,400,406.409003
1664.449073,400,407.04219
-2888.826541,400,407.682102
-5699.347154,400,408.322234
-7337.443792,400,408.964393
-651.314135,400,409.751454
-717.753052,400,410.532745
-759.167067,400,411.314943
-682.148615,400,413.476678
-878.153249,400,414.200093
-725.149631,400,414.93206
-738.231411,400,415.69545
-645.776671,400,416.456615
-694.038748,400,418.610471
1213.137955,400,419.354458
-760.932028,400,420.106815
1178.923795,400,420.888885
-687.812796,400,421.670966
-691.057371,400,423.855143
-721.297848,400,424.583084
5007.000743,400,425.309084
-755.302149,400,426.072004
-931.018751,400,426.837085
-657.842164,400,429.006216
-799.349204,400,429.730353
-672.251432,400,430.458006
-713.642776,400,431.216676
-701.115098,400,431.97804
-691.51442,400,434.138756
-672.281226,400,434.865616
-8328.950831,400,435.707037
-14495.104948,400,436.310655
-7798.973808,400,436.940243
-8612.853975,400,437.571553
-9995.875382,400,438.201521
-718.205278,400,438.968562
-747.195568,400,439.733059
7010.592567,400,440.497344
-667.232957,400,442.718578
-632.666785,400,443.457612
-637.876216,400,444.200238
-690.519576,400,444.966539
-689.727903,400,445.749352
-723.457363,400,446.53074
-808.728537,400,448.709787
-702.242076,400,449.450029
-704.529083,400,450.20232
395.151417,400,450.984756
-785.058452,400,451.768765
-655.291512,400,453.934176
-1095.635886,400,454.658415
-727.605432,400,455.40373
-653.235567,400,456.169013
-771.512466,400,456.932288
-788.293524,400,459.068065
2534.554115,400,459.787506
-636.487828,400,460.525809
-634.460203,400,461.28469
-617.402126,400,462.043039
-685.258551,400,464.221181
-11840.706287,400,465.073613
-8162.189367,400,465.688875
-10970.023683,400,466.318088
-12453.197551,400,466.96222
-9530.136551,400,467.605341
-995.305969,400,468.395563
-785.164378,400,469.177878
5873.84533,400,469.956522
-665.916903,400,470.736075
-666.136265,400,472.946347
-671.250444,400,473.687663
-765.081271,400,474.43611
10226.144185,400,475.215684
-707.992199,400,475.997311
-666.406476,400,478.221762
-867.779624,400,478.952575
-695.336638,400,479.687634
-588.76137,400,480.460406
-752.178547,400,481.234729
-638.579232,400,483.425134
-712.427333,400,484.149924
-427.900673,400,484.875642
4447.598454,400,485.637529
-920.464278,400,486.401358
-695.98215,400,488.600524
-691.426379,400,489.322664
-615.186571,400,490.048172
-671.877441,400,490.805506
-667.620953,400,491.570749
-626.426546,400,493.773623
-7720.366727,400,494.627655
-14251.029599,400,495.245262
-7267.527226,400,495.864849
-9592.373071,400,496.493724
-8498.495615,400,497.142019
-776.18965,400,497.928405
-759.4573,400,498.705743
-666.713229,400,499.487382
-714.865631,400,500.269302
2185.888844,400,501.051721
-739.774791,400,503.226148
-678.899585,400,503.960764
-659.033398,400,504.714478
-625.115451,400,505.487657
-801.707695,400,506.261551
11922.106977,400,508.422495
-707.145379,400,509.15806
-705.185832,400,509.907248
-568.730686,400,510.679594
-874.207439,400,511.455359
16263.066757,400,513.622861
-755.563482,400,514.345943
-763.118908,400,515.085739
4449.428084,400,515.85127
-682.837678,400,516.61498
-838.599425,400,518.805916
8819.626871,400,519.528526
-534.055367,400,520.263418
-836.830161,400,521.027871
-1133.099679,400,521.795299
-18064.9349,400,522.654956
-511.41256,400,523.285567
-15942.743032,400,523.923137
-7980.243521,400,524.559011
-15614.690682,400,525.193686
1297.677952,400,527.368709
-612.468746,400,528.090274
-772.59588,400,528.814647
-769.502696,400,529.574785
-638.708845,400,530.334297
-749.114492,400,532.519746
-774.080751,400,533.255635
-628.062177,400,533.991633
-817.0781,400,534.759192
-779.419864,400,535.53384
-680.071131,400,537.726827
-782.619608,400,538.45976
-606.222615,400,539.196043
-686.224546,400,539.963776
-739.356001,400,540.736454
663.283972,400,542.926844
-633.377707,400,543.652416
1946.557484,400,544.377473
-629.02587,400,545.129878
-590.598839,400,545.893852
-654.728482,400,546.65898
-864.59755,400,548.813702
-675.502392,400,549.546099
-688.649201,400,550.304731
-717.356261,400,551.076821
-443.870355,400,551.937009
109.851083,400,552.576241
-473.154018,400,553.214415
4626.979135,400,553.851656
-451.442825,400,554.485906
-970.268272,400,555.273741
-689.991748,400,557.442436
24049.615599,400,558.179554
-849.001256,400,558.932739
-984.416568,400,559.706797
-937.304469,400,560.479507
-645.718349,400,562.672376
-851.510697,400,563.398014
-778.71876,400,564.134871
6157.940441,400,564.897627
-805.673276,400,565.658
-664.648173,400,567.818155
-706.926684,400,568.548839
-800.374419,400,569.280758
-662.907595,400,570.043986
-603.097887,400,570.806247
-711.013352,400,572.962516
10855.478911,400,573.687642
12538.86094,400,574.416855
-682.090609,400,575.178756
3095.43948,400,575.943867
-960.179058,400,578.142414
-819.326781,400,578.866526
6728.481258,400,579.592125
-679.684208,400,580.352889
-487.198762,400,581.225671
-470.729351,400,581.870137
-532.512172,400,582.497537
-525.352223,400,583.124987
2825.014009,400,583.753105
-676.564853,400,584.527034
256.742437,400,586.718805
-816.898816,400,587.454607
3171.585079,400,588.189559
-850.85661,400,588.960647
29226.952496,400,589.735776
-683.483366,400,591.999043
4841.763496,400,592.731734
-791.269258,400,593.466285
-660.05042,400,594.222645
-709.975538,400,594.998276
-700.26503,400,595.771616
-722.935676,400,597.929748
-840.207458,400,598.656133
-981.821493,400,599.395166
3687.472739,400,600.158783
12389.538672,400,600.921298
399.901325,400,603.133315
-581.240141,400,603.877041
-977.311232,400,604.63945
-704.03548,400,605.420613
-876.131284,400,606.200794
-795.339983,400,608.390309
-630.561119,400,609.181745
-829.201533,400,610.003518
2532.038643,400,610.867516
-596.285927,400,611.504588
1728.733909,400,612.144656
2640.902523,400,612.785389
-600.256986,400,613.422867
-835.634087,400,614.213064
500.327758,400,614.995429
18617.085279,400,617.190519
-800.691819,400,617.924129
-836.351506,400,618.666748
-1069.739164,400,619.444957
-727.620625,400,620.218987
1593.761274,400,622.422311
7142.841876,400,623.150651
-857.474978,400,623.87975
9412.471569,400,624.645234
-928.209825,400,625.408582
3287.125917,400,627.607664
282.512863,400,628.343443
-681.611572,400,629.079494
-1228.846113,400,629.85224
6133.837986,400,630.625726
-710.663748,400,632.847058
-686.42237,400,633.572568
-721.701718,400,634.29776
-679.847898,400,635.060741
3506.979972,400,635.827765
-815.569219,400,638.007529
-947.013729,400,638.732013
5226.0934,400,639.455278
4803.187697,400,640.302074
851.368219,400,640.931302
-610.6422,400,641.56305
2072.522384,400,642.193343
-436.658845,400,642.822353
-795.251236,400,643.601393
-744.246333,400,644.365491
16037.388716,400,646.574049
-807.991639,400,647.297158
11855.168866,400,648.020268
-661.55033,400,648.766229
3822.002334,400,649.527334
-617.473821,400,650.289977
-857.295632,400,652.465407
-716.141066,400,653.201387
-876.893886,400,653.957523
-666.996203,400,654.732359
10352.331151,400,655.506011
2617.391307,400,657.683282
-697.349402,400,658.415782
-681.904091,400,659.170202
5609.02698,400,659.94347
-766.094508,400,660.717088
195.194114,400,662.886008
-726.94983,400,663.610865
10412.401866,400,664.34783
-868.119723,400,665.109857
-699.004267,400,665.873247
-846.825018,400,668.042346
-746.722982,400,668.762938
3710.488412,400,669.601058
-479.496761,400,670.214557
-450.140272,400,670.84393
4211.571282,400,671.473929
-457.27276,400,672.102867
-838.04745,400,672.871216
-687.360641,400,673.634216
-769.346905,400,674.395922
15667.416273,400,676.552059
1312.367825,400,677.280828
-701.709249,400,678.009605
-883.590261,400,678.776614
-779.813515,400,679.541838
-889.186247,400,681.737544
-636.842987,400,682.462677
-660.523198,400,683.185261
-649.166487,400,683.946752
-756.716476,400,684.708543
-734.644513,400,686.871086
27172.321895,400,687.596905
-745.73395,400,688.320867
-837.323957,400,689.078544
-727.604468,400,689.839548
-759.229322,400,692.086062
-722.768515,400,692.82884
-675.341402,400,693.579576
11676.649876,400,694.341195
-847.247861,400,695.12197
-919.785927,400,695.900765
-881.510654,400,698.070498
19505.630382,400,698.908444
-598.137078,400,699.509207
-467.722696,400,700.141568
6990.410489,400,700.805987
-457.440085,400,701.441956
-675.438954,400,702.217986
-748.558667,400,702.980785
11699.769071,400,703.745675
-748.599986,400,704.509004
-888.405388,400,706.707899
-704.190982,400,707.443865
-621.942246,400,708.196625
3597.509761,400,708.970501
-992.160346,400,709.743341
2080.35547,400,711.94374
-721.784711,400,712.686143
-770.139559,400,713.444183
-762.386276,400,714.228134
18667.583436,400,715.01119
8878.555084,400,717.253472
11327.223212,400,717.996214
-689.000159,400,718.745487
-961.072742,400,719.532028
1008.168335,400,720.31419
-720.564915,400,722.557759
5949.605148,400,723.29247
-678.984001,400,724.03008
-862.021299,400,724.804414
18193.169349,400,725.580425
-671.925476,400,727.829309
4338.999293,400,728.673969
7820.199876,400,729.280163
1576.03175,400,729.890582
29437.035079,400,730.526124
2405.519367,400,731.161802
-666.512579,400,731.946125
-837.192443,400,732.719927
-656.940081,400,733.49334
-797.146581,400,734.266851
-802.603196,400,736.472904
4187.946512,400,737.208367
-698.22133,400,737.945298
-808.548179,400,738.709054
-690.806694,400,739.483366
-685.595103,400,741.691426
-637.710647,400,742.4243
-803.641565,400,743.157481
-778.055422,400,743.92294
4701.329805,400,744.694221
1785.938455,400,745.467363
25067.565986,400,747.624487
-658.847567,400,748.351584
3619.514218,400,749.093209
-826.818833,400,749.860238
-738.184512,400,750.626354
-728.772981,400,752.792529
-772.083382,400,753.515621
-726.725135,400,754.285272
-777.923203,400,755.094471
-691.239904,400,755.856864
-410.706598,400,756.711497
21125.924931,400,757.338543
2136.50875,400,757.965461
12211.935348,400,758.595903
19394.112853,400,759.222296
-731.79807,400,761.378147
14505.539427,400,762.09789
-37.444818,400,762.83853
-657.758598,400,763.601706
-707.198673,400,764.363671
-722.222806,400,766.538525
-646.462412,400,767.263063
16358.407212,400,768.001375
-651.564447,400,768.767787
-187.66544,400,769.531883
-696.908116,400,771.717555
-814.740732,400,772.438621
-700.277894,400,773.167516
523.911053,400,773.931923
-629.470988,400,774.692877
-141.37272,400,776.848272
30233.570656,400,777.572613
27488.309272,400,778.341838
-748.450703,400,779.148446
-663.225393,400,779.912251
-717.883822,400,782.11819
-645.470398,400,782.841658
-642.006862,400,783.568014
-745.386894,400,784.343849
25665.942339,400,785.153322
-541.089602,400,786.004814
7311.199928,400,786.631271
22666.320995,400,787.258293
-6874.302917,400,787.888397
16790.05057,400,788.515313
-639.479755,400,790.744285
-661.355462,400,791.471262
-696.566482,400,792.192155
-932.291612,400,792.919404
8534.058872,400,793.649524
7894.271095,400,795.82172
-645.162293,400,796.558653
-961.937825,400,797.297794
-711.796018,400,798.033464
-667.936447,400,798.767994
-590.186348,400,799.507293
-668.629316,400,801.651449
5604.935926,400,802.374051
-846.511215,400,803.097296
-131.254461,400,803.822775
7068.064553,400,804.546707
-625.163012,400,806.716224
13820.786531,400,807.441361
-690.916583,400,808.164862
-817.183757,400,808.889138
9124.491414,400,809.614753
-764.071104,400,811.807872
-876.657249,400,812.544977
11289.835913,400,813.305567
13805.696018,400,814.129445
11827.128701,400,814.995239
-576.800037,400,815.631769
11694.557722,400,816.269433
-7857.537091,400,816.912109
7412.678134,400,817.551377
-785.741692,400,818.332823
18819.55928,400,820.562404
-669.542734,400,821.29873
-716.199734,400,822.041946
3938.967283,400,822.817228
-856.959027,400,823.590762
-771.903057,400,825.801922
-697.474794,400,826.524685
-757.519182,400,827.253879
-757.682259,400,828.016344
9866.872536,400,828.782096
14368.878258,400,830.978596
-786.354557,400,831.702774
-725.334873,400,832.429619
4643.968155,400,833.195358
-666.023609,400,833.965509
2369.48297,400,836.161937
12514.687582,400,836.887663
18650.515436,400,837.610566
2938.68397,400,838.370838
11407.415863,400,839.134724
12368.948876,400,841.364328
14720.811452,400,842.09085
27622.341532,400,842.818082
2816.70505,400,843.572993
23689.878884,400,844.423619
17150.754842,400,845.054361
-566.08158,400,845.683203
-7740.929804,400,846.316321
-6487.964724,400,846.950045
631.000375,400,847.730098
-725.085466,400,848.493997
19890.359191,400,850.707711
-642.527485,400,851.449378
30445.592755,400,852.218025
8560.343532,400,853.000246
-776.288913,400,853.78301
3243.36242,400,856.012525
-679.546152,400,856.742808
-693.300858,400,857.487922
16798.22706,400,858.255906
-738.295691,400,859.020644
-670.922267,400,861.216781
-719.087592,400,861.945307
-805.78598,400,862.684858
144.846689,400,863.452274
-564.687307,400,864.219774
19196.330212,400,866.411616
11972.175038,400,867.137591
-763.433688,400,867.875986
7152.777439,400,868.642047
-32.554813,400,869.409305
16559.257425,400,871.63478
5689.423402,400,872.364168
-810.180781,400,873.093416
16884.583066,400,873.9458
-439.703564,400,874.573166
21845.506493,400,875.201044
14352.165649,400,875.829119
21328.558235,400,876.45726
-611.57032,400,877.228786
-192.76669,400,877.990224
-440.234523,400,880.207591
4177.853534,400,880.941066
-725.660936,400,881.672639
16118.927312,400,882.448406
-831.535803,400,883.221551
-842.841294,400,885.441834
-765.433214,400,886.168174
8532.537082,400,886.894067
796.986864,400,887.656425
22507.770361,400,888.438674
5299.024485,400,890.713557
-548.674616,400,891.438486
6297.948205,400,892.16371
-607.62406,400,892.911594
884.476021,400,893.67403
4265.223011,400,894.43503
-734.267708,400,896.626232
945.059864,400,897.361495
-699.961533,400,898.103325
14026.978181,400,898.877383
-734.646863,400,899.650103
7975.642094,400,901.833821
7591.330844,400,902.561285
3945.957568,400,903.429598
-574.177286,400,904.101735
33565.42481,400,904.729399
-550.850964,400,905.358087
-575.844371,400,905.987618
-818.288369,400,906.759032
-723.704002,400,907.523032
13500.562643,400,908.288398
-618.474051,400,910.477798
19883.311411,400,911.203979
3862.82756,400,911.942827
14340.471947,400,912.705098
-747.882354,400,913.469981
7108.730344,400,915.668563
9169.610111,400,916.403332
-672.51607,400,917.134217
8852.060886,400,917.899842
28519.470682,400,918.66458
-869.139697,400,920.866869
-771.844549,400,921.592749
1199.735887,400,922.324262
12095.619155,400,923.090926
1034.456705,400,923.855618
381.699149,400,926.076711
4540.231002,400,926.812158
-641.511878,400,927.546928
15381.681671,400,928.322105
-594.775041,400,929.097667
-788.803063,400,931.335701
767.795854,400,932.063145
-7629.406132,400,932.907901
-8112.029256,400,933.511815
18133.009618,400,934.141701
-10300.929159,400,934.778377
-1883.339244,400,935.407904
111.26061,400,936.178353
-791.801886,400,936.945532
4781.946335,400,937.71298
24772.75036,400,939.93722
20645.273976,400,940.669474
13885.47679,400,941.405826
26393.302613,400,942.172253
-776.877624,400,942.946566
30847.733688,400,945.205141
14020.966591,400,945.929744
12342.246496,400,946.657128
25028.789496,400,947.434443
11997.043814,400,948.245274
10787.033232,400,949.008585
4869.134313,400,951.207872
22964.097072,400,951.945502
-802.014745,400,952.704458
953.797941,400,953.478786
10704.494402,400,954.254553
2504.989466,400,956.483417
3877.091138,400,957.218338
-707.266964,400,957.967527
17970.39602,400,958.74395
1641.376004,400,959.520451
29801.725568,400,961.731841
4409.987429,400,962.57925
-9604.456893,400,963.184553
-10513.257844,400,963.793495
-10305.270816,400,964.428596
-8694.134935,400,965.064363
-630.06321,400,965.835927
4522.635055,400,966.603906
4330.799206,400,967.369849
-820.888895,400,968.134866
14770.491963,400,970.340452
5546.575146,400,971.067167
64.816561,400,971.799801
-770.413424,400,972.56264
-610.681889,400,973.326201
5672.434545,400,975.534517
-696.508751,400,976.260816
18113.735543,400,976.986946
5995.809592,400,977.750591
8752.171368,400,978.516692
28020.25917,400,980.730172
2214.03412,400,981.457187
26700.230969,400,982.183539
27511.226022,400,982.944929
9615.541278,400,983.709974
19508.806532,400,985.965823
28618.422753,400,986.706037
3769.849258,400,987.495399
8609.48278,400,988.32083
5822.934814,400,989.102087
3258.059534,400,991.380532
-1477.447265,400,992.23218
-3009.764511,400,992.848203
26882.871692,400,993.460757
33362.925403,400,994.086704
10488.017477,400,994.727416
17359.79586,400,995.516795
13695.609019,400,996.299026
-753.523924,400,997.081334
-626.993609,400,997.860981
23317.404626,400,998.64399
-633.191722,400,1000.849134
11174.078099,400,1001.575742
-1375.713783,400,1002.322523
-676.068024,400,1003.086231
28706.88668,400,1003.850462
19190.023876,400,1006.07057
-821.811843,400,1006.810483
-838.921657,400,1007.57043
10107.077992,400,1008.352513
3743.08699,400,1009.135365
-617.070401,400,1011.357165
6633.699852,400,1012.084257
2692.871331,400,1012.819802
-396.646305,400,1013.585084
21723.351668,400,1014.350743
17772.16209,400,1016.547152
24753.022726,400,1017.27407
4987.841799,400,1018.010284
25765.441386,400,1018.773644
19112.576818,400,1019.540165
-4594.729421,400,1020.396824
27064.750907,400,1021.027727
22583.692718,400,1021.654319
28393.642659,400,1022.283825
-3980.997139,400,1022.915394
2989.85003,400,1025.138856
-194.494859,400,1025.864561
27594.605699,400,1026.598819
17168.532335,400,1027.366742
-772.838853,400,1028.133884
5883.613587,400,1030.376196
6833.811537,400,1031.116893
-1260.350408,400,1031.862059
25556.380593,400,1032.637267
342.144157,400,1033.422548
7697.61167,400,1035.678612
7132.059555,400,1036.404886
2245.733309,400,1037.13168
286.465849,400,1037.885143
11389.196071,400,1038.649403
30662.307393,400,1040.871367
-647.289383,400,1041.596364
19269.000442,400,1042.318647
28112.31422,400,1043.069074
1563.167083,400,1043.834383
13017.762157,400,1044.597106
3638.661484,400,1046.781525
15061.045574,400,1047.551709
32382.813911,400,1048.361578
27795.719305,400,1049.124867
33771.719247,400,1049.979857
-4586.698325,400,1050.613306
23904.840352,400,1051.241347
-9490.594001,400,1051.877507
-6395.61635,400,1052.508789
30348.712029,400,1053.284148
3259.811841,400,1055.48405
6888.609039,400,1056.223547
9819.206021,400,1056.983229
-663.449903,400,1057.762212
7013.440994,400,1058.535669
3775.310836,400,1060.759702
25757.290989,400,1061.495887
6685.802044,400,1062.243443
15177.336243,400,1063.017874
-735.284565,400,1063.791373
20633.387751,400,1066.019115
13121.101344,400,1066.740949
7620.453664,400,1067.477776
4281.625151,400,1068.247871
30759.575592,400,1069.013555
6180.813553,400,1071.219213
14476.212351,400,1071.943547
4105.706529,400,1072.672443
11652.712471,400,1073.434801
14204.598232,400,1074.196331
22230.09018,400,1076.400037
17762.588462,400,1077.122648
10594.236405,400,1077.845565
27688.811033,400,1078.60988
27423.118202,400,1079.460272
-727.556039,400,1080.089209
440.257312,400,1080.720743
21990.713797,400,1081.349511
28900.179209,400,1081.977475
9681.460027,400,1082.749009
7181.304076,400,1084.985779
-635.215236,400,1085.716115
14385.620552,400,1086.453476
7437.98068,400,1087.222247
6230.356824,400,1087.997227
31847.769351,400,1090.23357
21723.937623,400,1090.959386
4495.677767,400,1091.685156
-536.064258,400,1092.439382
5158.850363,400,1093.207177
14764.581413,400,1095.425712
31353.91996,400,1096.147827
13428.042644,400,1096.873825
13084.932329,400,1097.622954
13116.878212,400,1098.385245
5956.182785,400,1099.148706
9395.935939,400,1101.373894
17757.646378,400,1102.118146
10146.686843,400,1102.885676
1122.57903,400,1103.669579
16319.085669,400,1104.450826
1503.696325,400,1106.701312
9337.940331,400,1107.442806
3077.121423,400,1108.205266
-644.185073,400,1109.072519
-691.048869,400,1109.716304
-615.613581,400,1110.358675
-780.138478,400,1111.003155
-6739.270172,400,1111.648648
25899.51801,400,1112.436962
8274.289131,400,1113.221643
10019.016022,400,1115.475224
32283.427422,400,1116.216084
29328.951419,400,1116.973734
12791.30203,400,1117.757086
10049.567239,400,1118.540205
16434.842242,400,1120.771501
14786.30621,400,1121.494688
28020.302066,400,1122.223082
18384.219757,400,1122.988206
8544.844343,400,1123.748765
7624.40162,400,1125.984115
11872.582178,400,1126.72696
28676.367734,400,1127.472887
421.953493,400,1128.254328
15517.2087,400,1129.038563
25063.084332,400,1131.310956
6560.931883,400,1132.054591
14851.549879,400,1132.796307
4610.386473,400,1133.57616
3902.334071,400,1134.360093
58.628745,400,1136.643825
31457.563245,400,1137.385939
30754.379349,400,1138.127782
-683.755635,400,1138.984245
30467.0353,400,1139.628725
8600.298192,400,1140.269602
30664.430055,400,1140.913412
927.694233,400,1141.559434
32686.957486,400,1142.345665
28128.836047,400,1143.127035
31633.447505,400,1145.405174
14675.004455,400,1146.14574
-712.059622,400,1146.889606
8509.914317,400,1147.660054
13430.124815,400,1148.442792
28621.039395,400,1149.227411
32980.058358,400,1151.475584
19802.286816,400,1152.215563
5277.601018,400,1152.980588
25380.872692,400,1153.765184
17352.7451,400,1154.549324
-1118.729599,400,1156.78912
-819.32846,400,1157.531
-679.63093,400,1158.293597
31984.911122,400,1159.077581
23412.64203,400,1159.859981
13529.486934,400,1162.106692
31778.712227,400,1162.845257
31560.247848,400,1163.638385
21113.545691,400,1164.465888
19105.301841,400,1165.247101
18425.551115,400,1167.492058
28414.956593,400,1168.234341
-595.324126,400,1169.086843
5619.611363,400,1169.713152
30977.161824,400,1170.355364
31058.346065,400,1170.995313
32369.835513,400,1171.634578
12349.571556,400,1172.42011
-745.212066,400,1173.202167
22254.187679,400,1173.984256
25465.251919,400,1176.207338
-664.722295,400,1176.933724
7011.53147,400,1177.660553
6491.274224,400,1178.42366
20112.293564,400,1179.185609
247.544002,400,1181.404656
9948.940525,400,1182.130035
8435.769743,400,1182.903322
32362.95336,400,1183.634309
30645.928634,400,1184.382173
5546.549224,400,1186.640539
18716.006076,400,1187.36475
28304.130136,400,1188.089618
29015.997886,400,1188.848066
32055.166513,400,1189.610935
7375.52299,400,1191.841016
31124.936717,400,1192.566617
25045.956876,400,1193.29293
17169.284371,400,1194.048157
32469.715949,400,1194.811389
25957.478034,400,1195.574554
4390.023307,400,1197.778584
31166.128845,400,1198.630667
-640.697174,400,1199.255446
31054.885294,400,1199.906294
29950.532557,400,1200.527329
14479.098194,400,1201.142481
999.551662,400,1201.940126
27911.528909,400,1202.691745
4521.950964,400,1203.467124
16451.404826,400,1204.294617
28287.439419,400,1206.528009
33201.572998,400,1207.254561
6649.047596,400,1208.002059
24759.608691,400,1208.7679
4084.162602,400,1209.532653
7675.649637,400,1211.776681
20100.069233,400,1212.519919
4184.787699,400,1213.274517
25188.747987,400,1214.057023
21777.323592,400,1214.839287
921.522992,400,1217.080885
32777.225231,400,1217.813893
23820.947062,400,1218.558672
265.301916,400,1219.332381
8165.141707,400,1220.104914
12087.341913,400,1222.323898
7539.589185,400,1223.049254
28805.815647,400,1223.818907
18281.772167,400,1224.557034
17228.254165,400,1225.298077
-689.060682,400,1227.513445
23135.984739,400,1228.352218
33091.291572,400,1228.952695
31262.317636,400,1229.55539
2391.484642,400,1230.157998
31945.669337,400,1230.755971
25155.703284,400,1231.48667
13605.200474,400,1232.214504
30659.847569,400,1232.944329
24573.702558,400,1233.670472
4586.248695,400,1235.883774
25348.531196,400,1236.606889
8611.796549,400,1237.331858
12047.190436,400,1238.095355
17276.427575,400,1238.856595
25190.211789,400,1241.103478
24876.194854,400,1241.840383
25462.042606,400,1242.577055
15530.580425,400,1243.348004
30745.389133,400,1244.124447
19642.591335,400,1246.360968
15819.292236,400,1247.085691
22215.282102,400,1247.807074
-708.607817,400,1248.559786
24950.202679,400,1249.323008
7774.184031,400,1250.084651
19112.766093,400,1252.265847
24443.758559,400,1252.988037
-740.394514,400,1253.759975
237.472025,400,1254.570921
32255.089355,400,1255.332987
33291.59805,400,1256.183094
16412.275841,400,1256.812104
31952.43747,400,1257.436744
31406.843089,400,1258.062225
1188.106835,400,1258.695853
27504.513588,400,1260.918466
19713.803624,400,1261.646966
20669.057562,400,1262.385271
9652.291402,400,1263.150421
30461.800929,400,1263.91478
29799.754534,400,1266.13663
28204.521198,400,1266.877827
24866.864273,400,1267.635315
13780.114076,400,1268.419606
19851.496751,400,1269.202584
28912.511846,400,1271.435583
32375.441188,400,1272.162545
29214.908439,400,1272.89302
23522.950274,400,1273.657971
1853.75043,400,1274.421669
33891.751328,400,1276.655506
8700.099629,400,1277.396302
12630.710465,400,1278.145221
29842.220187,400,1278.929219
24876.898138,400,1279.712226
9951.386882,400,1281.995074
23520.513166,400,1282.737723
8836.150792,400,1283.48215
31470.957653,400,1284.263228
29932.274621,400,1285.04414
14599.595282,400,1285.909643
32093.443712,400,1286.553316
33589.372335,400,1287.192526
31662.848723,400,1287.830744
28743.468416,400,1288.472897
11830.493939,400,1290.813324
22953.536791,400,1291.54233
31476.366128,400,1292.269355
17636.515676,400,1293.022973
20796.382843,400,1293.791167
32275.578925,400,1296.079526
10895.647932,400,1296.808361
32775.82972,400,1297.535694
9495.707672,400,1298.286488
13564.267155,400,1299.053027
10121.105655,400,1299.819217
8397.029533,400,1302.034998
15436.414959,400,1302.773907
32252.47604,400,1303.53154
33177.752548,400,1304.311695
25650.015127,400,1305.090185
1032.197942,400,1307.302045
32991.077628,400,1308.036619
19408.04631,400,1308.79442
12144.343084,400,1309.570302
18158.444211,400,1310.345222
14783.90384,400,1312.596807
25345.396419,400,1313.339258
18491.037246,400,1314.097594
30945.416294,400,1314.883979
33335.205108,400,1315.749701
32673.262293,400,1316.395183
32664.762512,400,1317.036529
32670.235916,400,1317.679197
33047.024332,400,1318.323035
16716.318977,400,1319.117413
26092.955019,400,1321.340428
33080.021172,400,1322.065308
27607.589635,400,1322.799709
9358.437091,400,1323.564415
15000.579908,400,1324.326861
32378.761899,400,1326.52705
20037.610209,400,1327.253331
30750.489603,400,1327.980714
8408.109712,400,1328.745399
28834.769093,400,1329.508528
15078.452865,400,1331.717077
33602.60785,400,1332.447145
27316.639404,400,1333.174502
31258.065407,400,1333.938905
28618.462676,400,1334.70382
5551.442275,400,1336.918876
33493.572357,400,1337.645266
16888.663207,400,1338.372371
21231.646744,400,1339.132961
10150.819184,400,1339.899082
33680.529245,400,1342.130911
20075.619464,400,1342.861961
626.559861,400,1343.590288
22733.946211,400,1344.342824
32363.610138,400,1345.193796
4673.175379,400,1345.82785
6163.012405,400,1346.458292
22322.854846,400,1347.088477
11326.11364,400,1347.720469
33495.780828,400,1348.497707
16439.537121,400,1349.260908
15508.83624,400,1351.451779
19105.43842,400,1352.179707
26392.412318,400,1352.921031
13749.092927,400,1353.687006
20028.72675,400,1354.45316
32288.07059,400,1356.633935
17320.797221,400,1357.357707
32597.197006,400,1358.105904
33170.308148,400,1358.869486
-623.291981,400,1359.633335
25041.696926,400,1361.82033
24051.505619,400,1362.543006
17893.331797,400,1363.290428
31259.203364,400,1364.053009
25666.178966,400,1364.817413
24414.960833,400,1367.054041
24964.959983,400,1367.797843
14275.350693,400,1368.556313
32583.498659,400,1369.341383
23744.061548,400,1370.124876
28632.246517,400,1372.359218
19834.323619,400,1373.082909
4422.162592,400,1373.813653
32153.881827,400,1374.67254
25219.78335,400,1375.305079
4297.571298,400,1375.936441
30481.876222,400,1376.56916
31199.359769,400,1377.197816
9672.486059,400,1377.975823
31665.489512,400,1378.744031
26877.029361,400,1380.970971
18581.836365,400,1381.697025
22350.463498,400,1382.424164
20936.341687,400,1383.19046
24254.428707,400,1383.956397
27550.249528,400,1386.195845
20276.61897,400,1386.922743
2233.896945,400,1387.650431
31763.520548,400,1388.413947
21524.22359,400,1389.180749
20053.76227,400,1391.443215
32957.575051,400,1392.178584
16903.494093,400,1392.912797
31778.481419,400,1393.684249
17629.168925,400,1394.459349
22112.482342,400,1396.739463
13489.156069,400,1397.481747
28634.179089,400,1398.226281
27814.175063,400,1398.99352
18575.101676,400,1399.777411
16054.791955,400,1400.564127
25158.233141,400,1402.807287
7712.462136,400,1403.5503
33914.151357,400,1404.401675
-830.097777,400,1405.045079
32171.519805,400,1405.702453
33717.741612,400,1406.376052
33807.510995,400,1407.028981
22243.964242,400,1407.817524
30945.227349,400,1408.601149
23640.499554,400,1409.385137
18793.794676,400,1411.635667
18963.917782,400,1412.378998
20351.103298,400,1413.14598
21407.258723,400,1413.933995
3478.432071,400,1414.714064
24357.899731,400,1416.969765
26012.167297,400,1417.710151
14165.626929,400,1418.465558
21275.233356,400,1419.250469
16308.204152,400,1420.034221
29944.200511,400,1422.28789
31162.897805,400,1423.026543
12521.324068,400,1423.769508
20707.069507,400,1424.546505
29118.417581,400,1425.321745
31440.497015,400,1427.545825
20373.156047,400,1428.272393
27514.317927,400,1429.005177
14602.425842,400,1429.770318
5540.841662,400,1430.538479
12111.588293,400,1432.777017
15299.389667,400,1433.513434
33397.278294,400,1434.364715
32976.259197,400,1434.979624
4891.928011,400,1435.619179
14351.589479,400,1436.257615
33770.842594,400,1436.894009
16299.601428,400,1437.678621
31962.10717,400,1438.455506
25992.742582,400,1439.23291
27716.04742,400,1441.504973
29528.730158,400,1442.245802
26384.977419,400,1442.993197
21005.230026,400,1443.771439
32974.850408,400,1444.555598
26191.24696,400,1446.847283
28620.095193,400,1447.588563
9560.700351,400,1448.33264
31046.26192,400,1449.102804
21295.26628,400,1449.886294
7943.731002,400,1450.671134
4599.760324,400,1452.887429
23065.615892,400,1453.613667
5577.978389,400,1454.366722
8785.746411,400,1455.132915
22335.855381,400,1455.901331
24362.328795,400,1458.11638
21905.715815,400,1458.846101
32386.288,400,1459.592253
25667.429899,400,1460.359339
22809.017598,400,1461.127285
30342.516825,400,1463.346971
33932.855666,400,1464.196732
33552.632811,400,1464.804556
11798.601723,400,1465.425717
-747.86722,400,1466.063424
33928.58043,400,1466.705184
25555.188765,400,1467.486773
20266.351302,400,1468.264044
24865.378329,400,1469.041625
29213.217115,400,1469.817997
13464.584279,400,1472.061878
30110.556792,400,1472.79784
32058.643512,400,1473.539967
5650.732816,400,1474.317364
12951.788748,400,1475.097081
28516.999551,400,1477.340199
27277.187024,400,1478.076405
31763.745213,400,1478.818928
10988.35298,400,1479.594711
28905.998773,400,1480.370855
25173.339889,400,1482.62255
29119.31059,400,1483.356165
30515.823722,400,1484.093281
20289.986966,400,1484.867288
31680.218114,400,1485.64333
23301.046237,400,1487.903533
32984.935212,400,1488.648258
2083.685356,400,1489.391692
21728.603779,400,1490.172269
30748.699462,400,1490.954666
29754.667069,400,1493.207197
33544.018779,400,1494.044535
33841.173378,400,1494.643327
33944.404697,400,1495.243977
32856.580932,400,1495.876088
33841.986426,400,1496.549825
15332.173649,400,1497.320489
31040.027024,400,1498.086746
17918.780298,400,1498.852928
22748.990669,400,1499.622266
20042.745584,400,1500.389645
30033.212011,400,1502.600182
16838.097619,400,1503.344145
16906.02686,400,1504.107787
31845.018909,400,1504.892863
26553.5421,400,1505.675474
29344.911025,400,1507.904666
23745.988077,400,1508.640572
30524.616722,400,1509.400793
31237.548335,400,1510.176381
22291.556335,400,1510.952432
14322.325354,400,1513.164186
30413.816789,400,1513.937433
21926.642455,400,1514.748312
23653.452758,400,1515.511514
29391.946559,400,1516.274213
19537.922605,400,1518.472904
30949.320909,400,1519.19896
23840.174316,400,1519.937206
31984.865074,400,1520.702297
26889.125668,400,1521.469937
27211.416913,400,1522.322605
33915.779634,400,1522.954682
33900.68481,400,1523.581586
27446.389273,400,1524.212379
33225.485732,400,1524.840525
32688.191886,400,1527.052158
32388.749214,400,1527.777134
21611.177573,400,1528.512349
23944.518411,400,1529.281815
26757.230792,400,1530.046804
16076.28477,400,1532.259338
31661.467771,400,1532.987162
18847.181068,400,1533.717218
30670.757725,400,1534.488357
8408.274954,400,1535.254788
22297.029674,400,1537.47034
28086.776793,400,1538.195926
24244.309282,400,1538.922384
31435.604353,400,1539.684947
7298.034378,400,1540.45034
32965.447511,400,1542.692456
31048.230126,400,1543.417252
31248.515237,400,1544.147583
21994.998209,400,1544.925328
30457.322901,400,1545.735648
27549.156898,400,1547.99493
32591.317775,400,1548.736171
21597.627132,400,1549.487244
27582.201543,400,1550.282288
24869.238708,400,1551.03716
33802.33066,400,1551.929559
26395.974042,400,1552.616403
29362.045341,400,1553.260838
33831.189171,400,1553.902673
33640.511478,400,1554.544748
23906.995599,400,1555.332203
25348.360717,400,1557.552
19295.503674,400,1558.281967
32054.271997,400,1559.031998
26297.091975,400,1559.798563
28520.020609,400,1560.565542
30644.56672,400,1562.751726
31644.764554,400,1563.475689
22126.797464,400,1564.218827
32972.660092,400,1564.985212
27485.113664,400,1565.751167
30876.056569,400,1567.955359
31446.640493,400,1568.695262
24506.277948,400,1569.448367
19868.01489,400,1570.227198
26559.286056,400,1571.005035
22642.046091,400,1573.249964
22609.596164,400,1573.991675
23866.358583,400,1574.74402
28110.325741,400,1575.530922
24871.70387,400,1576.315706
31953.101098,400,1578.552102
27603.19575,400,1579.27822
23246.391838,400,1580.007851
22819.300507,400,1580.771051
33795.643622,400,1581.622074
33185.807402,400,1582.250542
-818.777994,400,1582.878489
33906.044056,400,1583.507224
8666.235328,400,1584.133291
29640.847367,400,1584.910128
30110.944957,400,1587.130523
30421.219074,400,1587.857229
30753.958329,400,1588.580023
30036.445834,400,1589.342262
29121.279339,400,1590.110036
32178.768283,400,1592.373024
30004.162599,400,1593.114124
24879.408509,400,1593.862541
29931.727367,400,1594.638232
28316.06321,400,1595.424005
21082.946924,400,1597.703012
6932.371391,400,1598.448167
27706.451993,400,1599.189528
30566.32698,400,1599.961706
32578.327535,400,1600.744753
31264.551991,400,1601.52823
19898.850839,400,1603.744668
7240.246107,400,1604.474896
33280.206012,400,1605.226648
25150.791479,400,1605.990302
29625.563024,400,1606.753651
30657.698278,400,1608.945297
31879.548185,400,1609.671899
20566.123682,400,1610.41619
33560.11607,400,1611.269773
33640.493744,400,1611.902601
33539.666715,400,1612.53409
22882.56168,400,1613.160836
33984.392771,400,1613.789882
21826.741586,400,1614.559336
16617.901647,400,1615.324036
29024.725123,400,1617.51939
31450.770989,400,1618.242968
24007.668168,400,1619.015837
27602.543031,400,1619.828972
33590.653489,400,1620.593595
30335.810787,400,1622.819463
29434.53042,400,1623.553603
31435.322904,400,1624.297148
14178.144197,400,1625.078504
33807.973099,400,1625.853034
26681.004777,400,1628.075896
29842.309574,400,1628.801749
21532.26595,400,1629.529658
31542.77755,400,1630.293507
29738.423994,400,1631.057303
27505.182581,400,1633.298926
28011.811039,400,1634.036831
33498.066762,400,1634.778913
26911.967,400,1635.557982
28319.807408,400,1636.339335
10625.009971,400,1638.578788
22327.415004,400,1639.304639
29231.016255,400,1640.030557
33792.764412,400,1640.879397
33817.049343,400,1641.508704
33733.407683,400,1642.137983
33684.550031,400,1642.767342
28152.321583,400,1643.399464
32763.822809,400,1644.169411
32888.811859,400,1644.937181
31254.588044,400,1647.160982
27307.622571,400,1647.888545
26776.609021,400,1648.616169
29305.345605,400,1649.37558
31160.669539,400,1650.142538
32293.068951,400,1650.910175
31055.757938,400,1653.091396
27424.322361,400,1653.815688
29119.785208,400,1654.557734
27479.635533,400,1655.323814
15005.483894,400,1656.089261
30949.174708,400,1658.287331
29032.432083,400,1659.011908
20702.910577,400,1659.760875
27476.783413,400,1660.526705
12566.940529,400,1661.293285
32044.119152,400,1663.499517
28823.527309,400,1664.234018
24472.377009,400,1664.985069
29354.767171,400,1665.762058
27517.913307,400,1666.537258
33499.799568,400,1668.77808
31874.787542,400,1669.513834
33609.962419,400,1670.358979
-553.301136,400,1670.988013
33342.122879,400,1671.624723
7514.237184,400,1672.263649
33621.628049,400,1672.900284
31572.307583,400,1673.680789
32879.426052,400,1674.459208
26585.304947,400,1675.236082
23220.33852,400,1677.484272
1654.20131,400,1678.229091
27611.776495,400,1678.980895
33193.044579,400,1679.764919
26226.59115,400,1680.547266
26300.516548,400,1682.815129
21011.750578,400,1683.550165
32994.366967,400,1684.28855
20944.580193,400,1685.079966
28809.835662,400,1685.899522
33306.40505,400,1688.153706
33084.928199,400,1688.890365
24316.34903,400,1689.626521
28798.828858,400,1690.397145
27206.922969,400,1691.172727
16191.24899,400,1693.458621
31862.121409,400,1694.205319
30752.665204,400,1694.94776
32186.576084,400,1695.724167
33392.964796,400,1696.510423
29942.532164,400,1698.797364
4234.490184,400,1699.537584
33741.4102,400,1700.386459
33444.501089,400,1701.001382
33128.224217,400,1701.642182
33746.939844,400,1702.288062
30738.178608,400,1702.930581
18703.349634,400,1703.718285
29534.038091,400,1704.503469
32888.951336,400,1705.285362
22222.107612,400,1706.088317
28739.062665,400,1708.298662
27900.921965,400,1709.029708
32194.375934,400,1709.759488
25974.44702,400,1710.491123
33694.053612,400,1711.267097
32666.383734,400,1713.491513
32867.981144,400,1714.235688
3703.837253,400,1714.979349
29516.116635,400,1715.72635
14882.175807,400,1716.473754
33911.389589,400,1718.727144
31868.011131,400,1719.463912
33156.213813,400,1720.203434
23014.837749,400,1720.943987
26006.598596,400,1721.687308
25691.540771,400,1723.93085
31566.755343,400,1724.673913
22847.276304,400,1725.42116
32467.256251,400,1726.166779
25679.440397,400,1726.912517
31665.239877,400,1729.14547
33930.440771,400,1729.989683
33899.611768,400,1730.599447
33908.906144,400,1731.209767
33357.477952,400,1731.827205
33877.415054,400,1732.439948
20703.926925,400,1733.222038
29637.943563,400,1733.974519
27177.746313,400,1734.72968
31149.142413,400,1735.517622
18419.987365,400,1737.788028
28894.590693,400,1738.51475
33496.240735,400,1739.249723
22979.462928,400,1740.015374
32268.385028,400,1740.781489
28688.385807,400,1743.009073
28342.058381,400,1743.737195
26866.606452,400,1744.463432
33071.961134,400,1745.227069
22234.318868,400,1745.993949
32678.01713,400,1748.226678
29008.152041,400,1748.956267
32576.289869,400,1749.695874
25141.659264,400,1750.473423
31564.040513,400,1751.265323
28420.896771,400,1752.033038
32490.009851,400,1754.229662
30952.024915,400,1754.970884
22602.093048,400,1755.732387
12496.12896,400,1756.510681
26272.582871,400,1757.289408
33628.550666,400,1758.15038
32904.256957,400,1758.792456
28747.479014,400,1759.429368
33844.822163,400,1760.069204
33840.874783,400,1760.705755
29324.846528,400,1762.939893
33607.595573,400,1763.68332
32360.039091,400,1764.452956
30946.137161,400,1765.237597
23439.198043,400,1766.020592
26388.753329,400,1768.243485
25580.969615,400,1768.969759
28723.690941,400,1769.712683
24434.09285,400,1770.480463
28648.566272,400,1771.245562
26194.705618,400,1773.458148
32061.20709,400,1774.185442
26211.740581,400,1774.92549
27189.224527,400,1775.694283
28628.40414,400,1776.465136
32387.531438,400,1778.674144
28110.805275,400,1779.402696
21599.58185,400,1780.180507
28305.893917,400,1780.991838
33288.999613,400,1781.758759
26264.739254,400,1783.973901
31624.872234,400,1784.700078
32460.135732,400,1785.425792
31548.87474,400,1786.189478
30354.291179,400,1786.952208
33254.616868,400,1787.8093
29495.848516,400,1788.438415
28624.200411,400,1789.065637
33169.395807,400,1789.693415
32083.854698,400,1790.320257
31272.30705,400,1792.55383
30954.816119,400,1793.287589
29943.507749,400,1794.025492
32378.255564,400,1794.801857
28713.622523,400,1795.579813
28118.724544,400,1797.851284
28696.830592,400,1798.596279
31660.198159,400,1799.33944
21730.110687,400,1800.116035
30038.166032,400,1800.902282
20897.269851,400,1801.686229
30034.302804,400,1803.91806
13673.909215,400,1804.663545
22368.70742,400,1805.415664
30564.895475,400,1806.192804
27913.127416,400,1806.969536
33166.390269,400,1809.170242
30441.491829,400,1809.896327
30940.16992,400,1810.648456
28130.131596,400,1811.413646
19454.056719,400,1812.180289
28506.7736,400,1814.384949
7602.533433,400,1815.112382
32160.324715,400,1815.857374
30019.045849,400,1816.625413
33381.267743,400,1817.480083
33254.300461,400,1818.109529
32204.468286,400,1818.737074
28346.849058,400,1819.368294
32583.846369,400,1819.997005
28020.148913,400,1820.767407
31041.608171,400,1822.987635
30030.253962,400,1823.716043
19397.198959,400,1824.448843
32982.088451,400,1825.215846
27917.976079,400,1825.984676
29321.131131,400,1828.190627
25089.037465,400,1828.918443
22906.81806,400,1829.648486
20803.762685,400,1830.415964
31662.885971,400,1831.180418
32978.001457,400,1833.396489
31361.277822,400,1834.120169
12656.940549,400,1834.848248
29845.119262,400,1835.611241
26793.478194,400,1836.374153
26987.989851,400,1838.613723
19713.368807,400,1839.352631
2734.669156,400,1840.090991
27082.320831,400,1840.864278
22661.144948,400,1841.640711
23508.147582,400,1843.908855
31864.98076,400,1844.653361
30371.857567,400,1845.397543
33075.024744,400,1846.179198
32564.651622,400,1847.046694
33730.611594,400,1847.691745
33210.888953,400,1848.336227
32912.232079,400,1848.980789
33257.854848,400,1849.624334
20088.923017,400,1850.413711
29241.747077,400,1852.691609
31949.724847,400,1853.420666
19401.887955,400,1854.15653
30138.08716,400,1854.920571
30847.203857,400,1855.694727
28705.838348,400,1856.467732
25739.171358,400,1858.662834
33395.800379,400,1859.387887
27572.070505,400,1860.143161
30660.298674,400,1860.909937
28523.41027,400,1861.676129
30036.120965,400,1863.866727
8221.939277,400,1864.590222
31224.292671,400,1865.35962
32886.336722,400,1866.094662
26278.508223,400,1866.837783
27514.623731,400,1869.053692
30053.306844,400,1869.782852
33803.23313,400,1870.508752
31980.361537,400,1871.233709
20813.388468,400,1871.961791
24858.227758,400,1874.170007
26913.390091,400,1874.915726
29122.055602,400,1875.657076
33223.569521,400,1876.50919
33722.411908,400,1877.126895
33017.648868,400,1877.741503
33719.595411,400,1878.35673
33690.769466,400,1878.9712
18984.930281,400,1879.722347
18939.752473,400,1880.496162
27310.689114,400,1882.756216
31975.888727,400,1883.500362
4148.600575,400,1884.250318
32860.074565,400,1885.035982
27094.370034,400,1885.819615
26079.03142,400,1888.071204
27170.925221,400,1888.79582
24956.742824,400,1889.527679
17852.95985,400,1890.29434
30125.587086,400,1891.060752
22353.250297,400,1893.286913
26091.154131,400,1894.009133
25368.499464,400,1894.731867
26779.118178,400,1895.492492
32478.583181,400,1896.259209
30444.154368,400,1898.512627
30649.75736,400,1899.24726
24219.102398,400,1899.990216
28109.814374,400,1900.756189
31561.690714,400,1901.536963
27491.186956,400,1902.313159
21975.101981,400,1904.542165
22842.269259,400,1905.291057
26893.868298,400,1906.177022
33932.552513,400,1906.863893
30593.95058,400,1907.510234
30561.434196,400,1908.152653
32995.091293,400,1908.7969
28076.817376,400,1909.587691
28454.663637,400,1910.371504
29741.317409,400,1911.155669
24911.526113,400,1913.40675
29214.126886,400,1914.155929
26984.850201,400,1914.923635
28287.111753,400,1915.708448
29446.722719,400,1916.495471
28629.991372,400,1918.749403
30819.128598,400,1919.494233
33802.0936,400,1920.257137
28737.149217,400,1921.04448
28200.017717,400,1921.828203
32181.279203,400,1924.076503
31955.154735,400,1924.812978
22582.283979,400,1925.557647
23793.279521,400,1926.337484
30270.887812,400,1927.11542
29639.465895,400,1929.355837
28175.521633,400,1930.089477
29811.579061,400,1930.829649
31471.443183,400,1931.608835
26095.602395,400,1932.385799
24436.747406,400,1934.607434
31972.680104,400,1935.334049
33073.609884,400,1936.205968
33527.854113,400,1936.875721
33172.850328,400,1937.506308
28585.504061,400,1938.13681
32108.195182,400,1938.768493
27601.230817,400,1939.538787
21923.217578,400,1940.304355
31637.593976,400,1941.069455
31879.10917,400,1943.315524
23014.376822,400,1944.054119
31546.457967,400,1944.793967
31656.571656,400,1945.569965
30340.748389,400,1946.346907
30861.506606,400,1948.609271
25248.852992,400,1949.347752
28426.931225,400,1950.08846
27208.636338,400,1950.862123
31565.35891,400,1951.640771
27407.92376,400,1952.420553
33285.935623,400,1954.648167
30962.983575,400,1955.39447
31561.722947,400,1956.156139
25557.468465,400,1956.945297
30834.941795,400,1957.72914
32469.456618,400,1959.975672
16229.751142,400,1960.715496
26350.62252,400,1961.486639
30535.216643,400,1962.274831
32597.976286,400,1963.06446
28511.82071,400,1965.301985
33515.035383,400,1966.146978
33420.806373,400,1966.762059
33171.402339,400,1967.38557
28027.265934,400,1968.022561
30594.95251,400,1968.658982
29523.325069,400,1969.438325
31250.403209,400,1970.213347
32688.196588,400,1970.990738
33892.699208,400,1971.770506
30950.346146,400,1973.996513
29416.406256,400,1974.721773
26191.309848,400,1975.464418
16561.184463,400,1976.233829
29723.659995,400,1977.003588
32586.992506,400,1979.213758
32889.953817,400,1979.943402
30041.966475,400,1980.677136
17857.342126,400,1981.446443
30037.86977,400,1982.215015
29712.933191,400,1984.449458
30647.863463,400,1985.175687
28306.991521,400,1985.917477
24829.411884,400,1986.69656
21190.212713,400,1987.496699
28010.511823,400,1989.735649
30258.207959,400,1990.462154
27260.572354,400,1991.18902
33498.754391,400,1991.947598
31657.116978,400,1992.711867
32680.946791,400,1994.940957
32507.919576,400,1995.779692
33598.075529,400,1996.418546
30994.922003,400,1997.031808
33469.592419,400,1997.663297
32681.630842,400,1998.294819
20802.633596,400,1999.069516
25883.256066,400,1999.835626
25694.294467,400,2000.604428
33601.82947,400,2001.369658
33787.727097,400,2003.601599
26362.912077,400,2004.32985
33082.005381,400,2005.056327
33380.685486,400,2005.806756
29579.661284,400,2006.573277
31360.054748,400,2007.341655
27557.801508,400,2009.547905
24370.530899,400,2010.28775
32992.885122,400,2011.048831
21458.899437,400,2011.828225
26306.363858,400,2012.605384
31474.833371,400,2014.833418
31671.753048,400,2015.569836
32560.65373,400,2016.356464
28298.471206,400,2017.179729
33598.520803,400,2017.954902
29931.872272,400,2020.199925
32879.983111,400,2020.942209
32153.880646,400,2021.699071
32359.645086,400,2022.483469
26487.941379,400,2023.265089
33929.641691,400,2024.134543
32553.851517,400,2024.780261
33444.775156,400,2025.421661
33546.199604,400,2026.062687
33323.407138,400,2026.704552
26990.021881,400,2028.945798
32175.405934,400,2029.675241
32590.634643,400,2030.411268
20929.068969,400,2031.182241
26261.538947,400,2031.949123
32272.237236,400,2034.187321
28729.106109,400,2034.924904
33797.047625,400,2035.666592
30132.177444,400,2036.445552
28708.041035,400,2037.225113
28320.860421,400,2039.480857
31181.604328,400,2040.220504
29945.66282,400,2040.95749
31944.341323,400,2041.735045
32872.734055,400,2042.512251
28222.598671,400,2044.777361
33305.432783,400,2045.512161
30539.601078,400,2046.251766
22915.764198,400,2047.022036
27605.400806,400,2047.80104
30831.767453,400,2050.044808
29520.155358,400,2050.769834
29211.701278,400,2051.494065
33190.420579,400,2052.25037
30769.960284,400,2053.015503
33517.10221,400,2053.870014
28361.974631,400,2054.498907
29681.26438,400,2055.126908
33381.380134,400,2055.755582
30094.350781,400,2056.385011
26642.064647,400,2057.155857
30217.108494,400,2059.373206
32187.410431,400,2060.116208
33288.12673,400,2060.887718
30264.343761,400,2061.674439
33700.900075,400,2062.459331
28822.475948,400,2064.70397
32182.271418,400,2065.448335
33280.764916,400,2066.210328
31641.364081,400,2066.996168
32176.595513,400,2067.781329
31966.730167,400,2070.006957
31939.315325,400,2070.731614
27698.206316,400,2071.498868
32767.484364,400,2072.232646
33398.450109,400,2072.975033
31043.281641,400,2075.174472
21620.347481,400,2075.90025
31561.092419,400,2076.627026
32564.434904,400,2077.357109
32853.025678,400,2078.100104
32876.521313,400,2080.304204
32401.996084,400,2081.031497
21886.256251,400,2081.760619
31673.050701,400,2082.497878
33694.162076,400,2083.36288
27815.037413,400,2084.037544
32326.250881,400,2084.669277
33579.476341,400,2085.297356
33707.311948,400,2085.926101
24249.014849,400,2086.705379
29516.217299,400,2088.920547
31950.362079,400,2089.649434
31168.811151,400,2090.378656
32979.797628,400,2091.143434
26289.605706,400,2091.910342
27318.700954,400,2094.16107
32960.535336,400,2094.898116
24724.758824,400,2095.635513
32472.664396,400,2096.423496
32894.725236,400,2097.244485
30519.13713,400,2099.50582
30845.159717,400,2100.249213
33278.275447,400,2100.993737
29643.150491,400,2101.768257
31789.145578,400,2102.555478
27006.714751,400,2103.339586
32798.232102,400,2105.574089
28160.896688,400,2106.318345
25415.922201,400,2107.074986
32477.700136,400,2107.864725
31246.419683,400,2108.647132
29417.496812,400,2110.893616
16620.253153,400,2111.632061
33608.232572,400,2112.417982
33019.0156,400,2113.272892
33666.903719,400,2113.884582
33039.055892,400,2114.497743
33341.192845,400,2115.122009
33706.345257,400,2115.766054
32168.46292,400,2116.542491
29741.874842,400,2117.3198
29422.573083,400,2119.561507
24349.620457,400,2120.308327
31965.19551,400,2121.07164
27114.300297,400,2121.856016
27399.849346,400,2122.642043
33603.421328,400,2124.902776
25258.542852,400,2125.649688
33595.449847,400,2126.443607
30342.670969,400,2127.277331
25268.3235,400,2128.058039
32070.593263,400,2130.295087
30438.947471,400,2131.020675
25048.277335,400,2131.753263
21960.239433,400,2132.516906
32990.808111,400,2133.28301
30534.703394,400,2135.506471
31977.085053,400,2136.237402
23618.464797,400,2136.973176
26181.489424,400,2137.737171
29509.09781,400,2138.503246
32489.386822,400,2140.742841
29736.972254,400,2141.480744
22803.861661,400,2142.220447
33380.230843,400,2143.077459
32492.77241,400,2143.714297
33933.450678,400,2144.349946
30151.584016,400,2144.986255
31861.464192,400,2145.62318
27488.889789,400,2146.406522
33603.093615,400,2147.182577
32884.103898,400,2149.431285
32357.305643,400,2150.160462
27612.794349,400,2150.887695
21226.341109,400,2151.664314
23904.278035,400,2152.447272
32689.803093,400,2154.738026
28602.914161,400,2155.474786
27784.640164,400,2156.210518
26977.077284,400,2156.978562
23186.57063,400,2157.756625
30354.673322,400,2158.53298
31144.857936,400,2160.735233
28710.480403,400,2161.457649
32085.122347,400,2162.212118
33716.585656,400,2162.977919
32979.107497,400,2163.743065
32879.883791,400,2165.943081
31769.66316,400,2166.666312
32363.929432,400,2167.440246
32488.030561,400,2168.251962
27845.205458,400,2169.014415
28003.956532,400,2171.219391
28910.189048,400,2171.950195
33916.750083,400,2172.823919
33910.155102,400,2173.484556
28734.912323,400,2174.116011
28599.246348,400,2174.749077
33823.80608,400,2175.381886
33388.196699,400,2176.15209
30043.062679,400,2176.922796
32867.482147,400,2177.689749
20898.237436,400,2179.911117
32288.879812,400,2180.654791
33377.490015,400,2181.41005
28591.263069,400,2182.194971
29629.302474,400,2182.979986
31844.317054,400,2185.246651
26696.951671,400,2185.98977
33574.489955,400,2186.740911
28940.046862,400,2187.526466
33085.928863,400,2188.309824
25881.770339,400,2190.584997
32694.873919,400,2191.324451
30947.487535,400,2192.077012
33302.039464,400,2192.863187
28385.509715,400,2193.647042
23008.768023,400,2195.892715
29629.066141,400,2196.62287
30947.974383,400,2197.357729
29739.142969,400,2198.116968
31855.318841,400,2198.8874
30356.506572,400,2201.12212
32369.421593,400,2201.851786
32523.523872,400,2202.690991
33816.638967,400,2203.296842
31635.860129,400,2203.919096
33502.061527,400,2204.55181
33014.280467,400,2205.182904
27390.902877,400,2205.950753
27483.379968,400,2206.718021
32888.8181,400,2207.488118
33201.786669,400,2208.254854
26893.194065,400,2210.444845
33701.100081,400,2211.177974
32574.832066,400,2211.928931
27567.84904,400,2212.698289
25654.628549,400,2213.466073
32992.855115,400,2215.667688
33378.369535,400,2216.39919
26196.992218,400,2217.14755
30727.364446,400,2217.917367
31888.261087,400,2218.684225
31966.410594,400,2220.894547
27664.101918,400,2221.628883
33090.122921,400,2222.36987
27064.815324,400,2223.13837
29919.496559,400,2223.904073
31766.586497,400,2226.12336
30251.888566,400,2226.863912
31458.809513,400,2227.615473
31974.642301,400,2228.39002
29848.10741,400,2229.163811
25991.138356,400,2231.406905
32734.588962,400,2232.255331
33052.08368,400,2232.865319
28989.294496,400,2233.478051
28568.613412,400,2234.114866
33943.315924,400,2234.754057
31146.224534,400,2235.533531
24844.492834,400,2236.30969
26558.219071,400,2237.089689
24735.539419,400,2237.867819
31768.145388,400,2240.118334
32777.060203,400,2240.855922
29133.077477,400,2241.594815
22405.232707,400,2242.370868
30549.798413,400,2243.147388
32074.275614,400,2245.413473
26363.608492,400,2246.156593
33583.616391,400,2246.901838
31357.376701,400,2247.682093
28601.492122,400,2248.473526
32059.495268,400,2250.758924
30748.419156,400,2251.502269
23212.168026,400,2252.249981
32380.653063,400,2253.02517
33685.100708,400,2253.809589
32974.68729,400,2254.591352
22228.51289,400,2256.779243
32785.505193,400,2257.506302
29517.948556,400,2258.245562
33499.423151,400,2259.011688
32282.286277,400,2259.77478
28328.577732,400,2260.624484
32895.694981,400,2261.25403
30000.086417,400,2261.882095
31485.789961,400,2262.509915
32489.895994,400,2263.138782
29535.602122,400,2265.330195
29641.431909,400,2266.051978
31167.192311,400,2266.802555
24556.811665,400,2267.57099
29349.042737,400,2268.338873
30452.544241,400,2270.531837
33482.946748,400,2271.255555
32663.529233,400,2272.000456
28528.311887,400,2272.769406
32567.523269,400,2273.536211
28601.564912,400,2275.746561
32576.549,400,2276.471584
29438.851462,400,2277.211581
28718.57665,400,2277.980865
29547.498248,400,2278.747306
30462.388976,400,2280.960216
30149.503294,400,2281.684145
33495.921501,400,2282.415685
25290.233289,400,2283.180666
32567.042836,400,2283.946094
31171.119891,400,2286.154576
31037.97831,400,2286.878836
30331.944319,400,2287.606725
30817.215982,400,2288.371053
30547.759949,400,2289.134353
28011.577037,400,2289.985772
32802.058198,400,2290.61534
32473.099507,400,2291.243348
27819.988207,400,2291.872425
33408.759494,400,2292.498095
22161.299477,400,2294.73081
31961.716476,400,2295.46686
31862.865856,400,2296.202728
30748.114266,400,2296.977863
27706.701735,400,2297.752377
33041.184565,400,2299.997516
28326.509904,400,2300.724961
29141.217092,400,2301.449695
30222.99838,400,2302.205864
18846.806235,400,2302.97127
24568.309212,400,2305.207191
33705.642635,400,2305.936236
31980.614245,400,2306.663634
28872.224266,400,2307.412214
32659.941232,400,2308.17837
28310.628988,400,2308.944595
31945.505019,400,2311.149649
31252.336933,400,2311.877126
29116.408997,400,2312.650927
22833.139619,400,2313.461782
31980.60687,400,2314.225226
28236.703811,400,2316.42276
31148.119785,400,2317.150184
33501.378602,400,2317.896159
21928.068479,400,2318.664177
29890.379323,400,2319.519004
33507.861539,400,2320.148132
33486.039579,400,2320.777627
32284.35107,400,2321.408675
33699.342641,400,2322.03951
29125.885811,400,2322.818431
26164.059601,400,2325.015015
31634.691588,400,2325.744778
30649.532361,400,2326.483784
30350.929168,400,2327.247301
21325.482477,400,2328.009867
32075.338815,400,2330.228793
31470.591874,400,2330.968509
30937.283294,400,2331.717202
27283.810315,400,2332.497458
33502.431092,400,2333.274144
32470.580671,400,2335.509571
28622.167231,400,2336.246757
32176.675056,400,2336.990091
28650.679519,400,2337.765666
33289.836404,400,2338.542861
32973.205211,400,2340.796591
31172.358391,400,2341.530345
33900.920623,400,2342.272441
32776.836865,400,2343.046786
33287.145645,400,2343.82148
32080.826142,400,2346.07332
30872.726534,400,2346.811313
24547.280623,400,2347.555581
22775.900105,400,2348.329377
30557.82767,400,2349.195414
33884.53038,400,2349.832515
27886.965618,400,2350.472096
31831.534353,400,2351.108222
33102.804865,400,2351.746701
28866.722806,400,2352.537382
30755.594824,400,2354.793198
33162.817192,400,2355.527715
32254.587813,400,2356.266815
31162.663677,400,2357.032799
31988.929642,400,2357.811369
30662.525256,400,2358.587615
29114.62525,400,2360.817669
32773.01873,400,2361.558208
33094.355873,400,2362.317156
32875.023334,400,2363.094006
32285.907807,400,2363.870437
29710.221031,400,2366.098563
33910.543837,400,2366.840668
28837.195106,400,2367.597314
29812.314859,400,2368.374958
30739.428052,400,2369.153298
33309.602396,400,2371.383241
26260.26037,400,2372.120758
25554.957748,400,2372.874752
32062.065186,400,2373.64938
33084.682305,400,2374.424454
30444.654943,400,2376.639932
31861.198957,400,2377.368908
25556.721279,400,2378.106906
33605.116837,400,2378.96175
33834.888755,400,2379.589879
33379.786774,400,2380.218
28578.867145,400,2380.847177
33811.771837,400,2381.47522
26065.82326,400,2382.248174
33383.831687,400,2383.014998
27400.299562,400,2385.261958
30984.711431,400,2386.004783
33804.169423,400,2386.751675
32750.198795,400,2387.536058
30044.818462,400,2388.320648
32865.958017,400,2390.566232
33288.257463,400,2391.29043
31964.742297,400,2392.019803
32482.388812,400,2392.785648
27096.713338,400,2393.551138
29548.829077,400,2395.765374
32291.312915,400,2396.488224
27542.876197,400,2397.212801
28544.980008,400,2397.97559
33700.203533,400,2398.739743
32689.203507,400,2400.986226
32376.666351,400,2401.710788
32100.011317,400,2402.435363
30108.996813,400,2403.190264
24859.086761,400,2403.956269
28714.809526,400,2404.722569
25273.456309,400,2406.907717
23550.546344,400,2407.632924
32605.170852,400,2408.471422
32946.994893,400,2409.095583
28744.637326,400,2409.72129
31673.336404,400,2410.356856
26588.44578,400,2410.986033
32570.220071,400,2411.75397
21070.193044,400,2412.519298
32885.087226,400,2413.284085
32655.053894,400,2415.512656
31455.261077,400,2416.258765
30052.589661,400,2417.029003
31261.38884,400,2417.813325
22497.489316,400,2418.598949
33286.318356,400,2420.83665
33610.857508,400,2421.579995
27006.941864,400,2422.341705
29614.520009,400,2423.126119
23452.45648,400,2423.91025
33402.126088,400,2426.168852
32081.695617,400,2426.911792
31638.541747,400,2427.665484
32560.779487,400,2428.450465
30349.796088,400,2429.232101
30625.653925,400,2431.484108
29751.186673,400,2432.228593
20075.922876,400,2432.976552
33280.307808,400,2433.7758
32576.018231,400,2434.603955
23433.000796,400,2436.8337
28470.646974,400,2437.559757
33704.676753,400,2438.39838
33471.847049,400,2439.011734
33802.385065,400,2439.642372
33843.451411,400,2440.272842
33357.767743,400,2440.903558
26573.615701,400,2441.678231
30852.631032,400,2442.445499
22210.896882,400,2443.213652
31958.567755,400,2445.443876
31476.542219,400,2446.172879
32568.836779,400,2446.907509
33071.069759,400,2447.671004
31467.218833,400,2448.438195
32354.748037,400,2450.661818
29932.979447,400,2451.383576
29438.964669,400,2452.105543
33392.728257,400,2452.865165
25275.884855,400,2453.628319
31366.84527,400,2455.860346
32688.260357,400,2456.584127
33492.874323,400,2457.307521
31555.547067,400,2458.064248
22298.406792,400,2458.82775
22502.655063,400,2459.592652
32887.496341,400,2461.802796
29830.543128,400,2462.527258
30152.271113,400,2463.275869
33197.716802,400,2464.03953
33305.360332,400,2464.803699
32575.793387,400,2467.024176
33878.780485,400,2467.874891
33611.14266,400,2468.492575
32332.091573,400,2469.120718
31971.992987,400,2469.765401
33602.883167,400,2470.41058
29619.430466,400,2471.199515
32160.618226,400,2471.985229
26204.817226,400,2472.775165
28690.758913,400,2473.560176
27049.173546,400,2475.822262
31858.268473,400,2476.567722
30972.638896,400,2477.324044
32288.271358,400,2478.110008
26578.101276,400,2478.896569
33789.254746,400,2481.149823
31970.586188,400,2481.885128
31792.157739,400,2482.629321
32987.509269,400,2483.407209
28826.122919,400,2484.187855
28187.56469,400,2486.432556
30829.183943,400,2487.1706
26209.299843,400,2487.912162
32579.198087,400,2488.686982
20685.2098,400,2489.464309
31319.749567,400,2491.713062
30009.181517,400,2492.451031
28008.031422,400,2493.191535
32989.032776,400,2493.967868
32384.922308,400,2494.760245
33096.040265,400,2497.074375
32895.362128,400,2497.919695
33840.427504,400,2498.529575
32596.24129,400,2499.139049
32855.294547,400,2499.765354
32897.448951,400,2500.403769
27394.230955,400,2501.187536
33296.787188,400,2501.963295
32156.40377,400,2502.74274
32988.352565,400,2503.522749
31868.721509,400,2505.777173
33789.715399,400,2506.501969
32241.127937,400,2507.231233
33403.714475,400,2507.99093
27406.461542,400,2508.761549
32757.898921,400,2509.531838
29643.280838,400,2511.752375
33911.634705,400,2512.496605
29423.058136,400,2513.269634
30364.738971,400,2514.054298
24848.495741,400,2514.839874
33921.564562,400,2517.089002
33603.895355,400,2517.836188
28386.65901,400,2518.604187
33703.771854,400,2519.389903
27907.524067,400,2520.175359
33201.495221,400,2522.439086
16425.171944,400,2523.183726
25586.749434,400,2523.942694
23348.70951,400,2524.725222
27816.622985,400,2525.508751
33293.979352,400,2526.376264
32892.426416,400,2527.020664
33807.636879,400,2527.662885
28817.017122,400,2528.30786
32761.304297,400,2528.95226
28519.893431,400,2531.230033
32182.293095,400,2531.973985
30942.126416,400,2532.768985
31141.044201,400,2533.598398
33598.543144,400,2534.382359
26640.498591,400,2536.617927
31157.153397,400,2537.356011
32564.126714,400,2538.129481
25638.999653,400,2538.89408
26692.763779,400,2539.662038
28936.260629,400,2541.884807
20630.767491,400,2542.623992
31471.701801,400,2543.377103
28932.10325,400,2544.166084
26827.529014,400,2544.971592
32788.585997,400,2547.232509
30964.436532,400,2547.971831
33289.148063,400,2548.70917
32079.288569,400,2549.482134
24639.005684,400,2550.259663
32981.447878,400,2552.528557
31864.715304,400,2553.274543
25680.150583,400,2554.022849
32666.542274,400,2554.79801
23006.868986,400,2555.585029
32169.949607,400,2556.456908
29551.185875,400,2557.099959
33636.78318,400,2557.7437
33955.294137,400,2558.386897
28888.229413,400,2559.026897
32170.060438,400,2559.817418
27597.64185,400,2562.054961
27461.732506,400,2562.797304
30405.015702,400,2563.556955
31443.473292,400,2564.340317
27907.596784,400,2565.125259
28845.473015,400,2567.340844
27189.327038,400,2568.069705
31396.355839,400,2568.846345
24869.35609,400,2569.662498
33089.676483,400,2570.429722
31752.900141,400,2572.630808
32266.817939,400,2573.358476
24027.46209,400,2574.100748
31146.44531,400,2574.866127
29758.114923,400,2575.631961
33290.710642,400,2577.839009
30951.55054,400,2578.569504
32368.889812,400,2579.31034
28998.735608,400,2580.078837
32778.645607,400,2580.859424
32687.288693,400,2583.154705
29200.018845,400,2583.900741
32677.003077,400,2584.656621
32187.095491,400,2585.441255
32086.278475,400,2586.309216
27969.351718,400,2586.952955
27787.268974,400,2587.595167
31781.081866,400,2588.239233
29258.25337,400,2588.882537
27159.797493,400,2589.675709
30326.528931,400,2591.922312
32260.187932,400,2592.649497
28852.176947,400,2593.378335
32691.005432,400,2594.142605
30758.115323,400,2594.906834
32904.862409,400,2597.115652
25484.800388,400,2597.842032
32179.540958,400,2598.567332
30656.336065,400,2599.328448
25387.550401,400,2600.093731
33381.181912,400,2602.31259
23696.0741,400,2603.041515
33584.581641,400,2603.776023
32669.42095,400,2604.53221
28462.373083,400,2605.300825
30716.170451,400,2607.537651
29556.0827,400,2608.283424
32071.696341,400,2609.027652
29340.974129,400,2609.80114
25687.629742,400,2610.587128
22546.021788,400,2611.370439
31072.844916,400,2613.591697
29013.21472,400,2614.3228
20492.957409,400,2615.075516
30928.185229,400,2615.934589
26161.69757,400,2616.567621
29813.741309,400,2617.198734
33897.346905,400,2617.831096
30882.003266,400,2618.4616
32160.184749,400,2619.232637
28427.022672,400,2619.999917
30962.015254,400,2622.215212
32365.877493,400,2622.962674
30955.157432,400,2623.728356
32987.768727,400,2624.511958
32577.398079,400,2625.295438
29835.590213,400,2627.520532
32784.426746,400,2628.250455
30252.418256,400,2628.990689
32385.602667,400,2629.75903
31147.941566,400,2630.529029
32084.705232,400,2632.748855
29043.907129,400,2633.490076
27578.634349,400,2634.240934
24044.550508,400,2635.020588
30023.795828,400,2635.798347
22232.526546,400,2638.046154
18527.562666,400,2638.782954
32489.814831,400,2639.52811
30864.847621,400,2640.309238
30454.157659,400,2641.089107
32085.91794,400,2643.348754
32565.950734,400,2644.093614
30854.215594,400,2644.841187
27268.19289,400,2645.708555
32794.001727,400,2646.35384
33889.509472,400,2646.996098
33498.307625,400,2647.636487
27725.417963,400,2648.281324
31062.047503,400,2649.074093
31452.667885,400,2649.857816
32365.262273,400,2652.139933
31179.384715,400,2652.876944
28434.835991,400,2653.619871
30348.0458,400,2654.38833
30949.067713,400,2655.164128
29151.505559,400,2657.415808
32767.390512,400,2658.139011
31890.845062,400,2658.864683
30741.551447,400,2659.616034
32234.277865,400,2660.381441
25749.489226,400,2661.145905
28305.155398,400,2663.36664
32791.45582,400,2664.114149
32569.888498,400,2664.908535
22937.831534,400,2665.739433
31772.259117,400,2666.525484
18690.894883,400,2668.7212
29940.421495,400,2669.450314
30661.260155,400,2670.204334
33603.068764,400,2670.968819
33398.405803,400,2671.736713
29442.864718,400,2673.939606
27168.961976,400,2674.668977
30669.451116,400,2675.508101
30349.855014,400,2676.137097
33828.400652,400,2676.779261
32941.592699,400,2677.441269
32383.646929,400,2678.081472
33295.023912,400,2678.85456
25087.016048,400,2679.619628
33916.61313,400,2680.385019
29726.497222,400,2682.592227
33592.839386,400,2683.316698
30961.982591,400,2684.053066
24040.885152,400,2684.820621
32581.87598,400,2685.584404
33296.153804,400,2687.795808
32487.78274,400,2688.52238
13167.171892,400,2689.253243
19285.823205,400,2690.019664
28210.300699,400,2690.782787
33600.73332,400,2692.997596
31079.739273,400,2693.721784
33578.68525,400,2694.451882
29412.267556,400,2695.217186
30868.220937,400,2695.981708
29917.558223,400,2698.215363
29241.704998,400,2698.952571
32795.989001,400,2699.689059
25640.691814,400,2700.457546
33083.803898,400,2701.234192
33405.209678,400,2703.489102
27584.958464,400,2704.23268
28573.407157,400,2705.0841
33807.132086,400,2705.699958
32894.358273,400,2706.338616
28464.163056,400,2706.981408
33308.96301,400,2707.624789
32462.290783,400,2708.416081
33084.106978,400,2709.199979
29038.693168,400,2709.986151
33411.954369,400,2710.77043
26963.98359,400,2712.973803
31755.871573,400,2713.701287
33199.47795,400,2714.437635
27706.542108,400,2715.202777
30543.052617,400,2715.969985
32678.795743,400,2718.159529
32956.042822,400,2718.886725
32182.98829,400,2719.6372
32257.79074,400,2720.402093
33291.62809,400,2721.166971
33900.185882,400,2723.36215
32073.461017,400,2724.088303
21186.536779,400,2724.836214
31455.42819,400,2725.602522
31789.411096,400,2726.368944
32848.207111,400,2728.584799
30968.97748,400,2729.321889
30863.126654,400,2730.076753
32675.249617,400,2730.852074
30460.973717,400,2731.628751
28197.452924,400,2733.867647
33799.628691,400,2734.714676
33415.359461,400,2735.326439
33861.947817,400,2735.937952
29325.016709,400,2736.574294
33703.013527,400,2737.211729
33091.304262,400,2737.991711
33401.087363,400,2738.766409
31355.015663,400,2739.543999
32801.859456,400,2740.32189
28830.176579,400,2742.542789
30963.433375,400,2743.267401
32995.759147,400,2743.995519
32466.295444,400,2744.758489
30762.184187,400,2745.52718
33198.483385,400,2747.776519
26166.688644,400,2748.51958
23462.337092,400,2749.266845
28524.921018,400,2750.048877
21785.556389,400,2750.831598
32856.507822,400,2753.106875
29241.20052,400,2753.851081
31458.942665,400,2754.598715
26651.314234,400,2755.372746
28896.38163,400,2756.158424
32061.86196,400,2758.419354
33707.754652,400,2759.144959
31041.784839,400,2759.868341
29774.177453,400,2760.622345
31547.969019,400,2761.388826
22415.080285,400,2762.15438
31833.910167,400,2763.00793
30619.769177,400,2763.637528
33303.782726,400,2764.266743
33801.878418,400,2764.898949
33198.598435,400,2765.527148
31774.229726,400,2767.742804
32789.441497,400,2768.48699
31685.336164,400,2769.263531
29552.802712,400,2770.051039
28108.263377,400,2770.837151
31778.777857,400,2773.047921
33808.464159,400,2773.774852
32474.975904,400,2774.520871
32463.413608,400,2775.285015
23344.20533,400,2776.048303
32277.076246,400,2778.239268
26858.936172,400,2778.964863
16220.263697,400,2779.706332
32787.969317,400,2780.473591
33392.16442,400,2781.238113
25385.010569,400,2783.452375
30750.551188,400,2784.177093
31174.148469,400,2784.916147
22039.813662,400,2785.681072
24644.80325,400,2786.446177
27676.589145,400,2788.658612
31556.422482,400,2789.382764
31066.216607,400,2790.111376
28731.86758,400,2790.877839
32585.994979,400,2791.646226
33804.776407,400,2792.499647
33316.219279,400,2793.1316
29585.457594,400,2793.760372
28337.483984,400,2794.392498
33663.931412,400,2795.019335
31662.712581,400,2797.237348
30755.128456,400,2797.964051
33514.411137,400,2798.692731
32486.662104,400,2799.463302
31253.302012,400,2800.228174
31438.545823,400,2802.452024
26131.986231,400,2803.178293
33088.948076,400,2803.904857
32572.441777,400,2804.671266
30342.045817,400,2805.438001
29524.522183,400,2807.667982
29147.237731,400,2808.39736
25180.136031,400,2809.167094
32096.589801,400,2809.903126
33506.374781,400,2810.636869
32674.607649,400,2811.36512
32256.175022,400,2813.562168
30961.689555,400,2814.297947
30962.274475,400,2815.039235
31976.12562,400,2815.776299
28734.207762,400,2816.513156
31046.460686,400,2818.707347
31857.319965,400,2819.440647
28288.698005,400,2820.175311
31747.651586,400,2820.905226
31255.144957,400,2821.752955
31884.098424,400,2822.362361
33694.082325,400,2822.98688
33296.142041,400,2823.659769
30812.847123,400,2824.29205
27877.243357,400,2825.068928
24560.01638,400,2827.29702
33917.800967,400,2828.042382
27697.711294,400,2828.804886
31073.812592,400,2829.589702
14237.328507,400,2830.375299
33800.787473,400,2832.610186
27804.385619,400,2833.347762
20284.667228,400,2834.094087
22715.916289,400,2834.872843
28620.150259,400,2835.65123
33107.231995,400,2837.884194
32673.828911,400,2838.621355
33160.444041,400,2839.362348
32994.052998,400,2840.138249
26160.000873,400,2840.916557
30441.71878,400,2843.152536
27086.763953,400,2843.877161
19217.604254,400,2844.615119
31247.118418,400,2845.39203
32074.644752,400,2846.161005
28801.940504,400,2848.406927
28843.00289,400,2849.147443
29210.010704,400,2849.886493
30972.052887,400,2850.660258
33701.414748,400,2851.522014
33199.372406,400,2852.160844
23300.98965,400,2852.799953
32987.43013,400,2853.438772
33403.295706,400,2854.078842
32474.400398,400,2854.865204
33485.825156,400,2857.113723
30331.57868,400,2857.839254
32380.971142,400,2858.567645
28563.665632,400,2859.323363
26049.864549,400,2860.089601
30136.016757,400,2860.853547
32175.64877,400,2863.048928
24739.750764,400,2863.7898
31064.020467,400,2864.550596
33482.104195,400,2865.331154
31045.252462,400,2866.109696
26985.767418,400,2868.301181
28092.887002,400,2869.030427
31263.353393,400,2869.782969
31058.906998,400,2870.548058
26658.209451,400,2871.314836
27728.239322,400,2873.512587
30256.489579,400,2874.238421
28492.090958,400,2874.983178
33089.055196,400,2875.748294
31753.148812,400,2876.510519
29841.633112,400,2878.715293
19152.886852,400,2879.447799
18047.714752,400,2880.189615
29752.512713,400,2881.047186
27914.817376,400,2881.682276
21528.579355,400,2882.316197
30258.177686,400,2882.947374
30476.722591,400,2883.578689
29085.575837,400,2884.359565
33673.077509,400,2885.125802
31858.102023,400,2887.354607
32262.129512,400,2888.096871
27614.40804,400,2888.844079
27588.934784,400,2889.62224
31167.744392,400,2890.400894
29510.267198,400,2892.645984
32175.60142,400,2893.388294
33808.954585,400,2894.132243
30143.720775,400,2894.91194
28224.660774,400,2895.690058
32192.177635,400,2897.9577
33687.813304,400,2898.698773
29625.474549,400,2899.445211
30358.106489,400,2900.226485
31058.941077,400,2901.012175
30841.825864,400,2903.292289
28769.346481,400,2904.035285
33168.38906,400,2904.781739
33097.704988,400,2905.556529
32277.917017,400,2906.341532
30018.897286,400,2908.597099
32135.668714,400,2909.321447
29547.637425,400,2910.094812
30656.148158,400,2910.944451
33506.947723,400,2911.548954
33908.32283,400,2912.176814
33975.831039,400,2912.855112
29267.71502,400,2913.485889
30551.811863,400,2914.257401
27674.771155,400,2915.024315
32881.036116,400,2915.792199
33604.473955,400,2917.982694
31445.889869,400,2918.708697
33495.86516,400,2919.455081
31640.217299,400,2920.218986
21987.867348,400,2920.986001
33598.968857,400,2923.177247
31252.898065,400,2923.903573
32187.01586,400,2924.654013
31770.63135,400,2925.418931
33811.34796,400,2926.185104
30650.502404,400,2928.404458
33906.501115,400,2929.144766
31174.079913,400,2929.895115
29325.786886,400,2930.67506
31948.382391,400,2931.452411
33093.388692,400,2933.668478
28729.293388,400,2934.397376
30151.041738,400,2935.173215
30238.786658,400,2935.986186
29731.228415,400,2936.751935
23286.911441,400,2939.002869
32469.136889,400,2939.746275
33688.348425,400,2940.600926
28589.484977,400,2941.227236
33000.839687,400,2941.87124
33397.925395,400,2942.514472
32855.818902,400,2943.160164
32171.275408,400,2943.949121
32980.165396,400,2944.73262
25429.368703,400,2945.51671
